Transaction ID,Day,Date,Time,Item,Price,Inches of Rain
6483,Monday,2/13/2017,08:35:01,Bread,0.95,0
6484,Monday,2/13/2017,09:04:35,Coffee,1.25,0
6484,Monday,2/13/2017,09:04:35,Baguette,2.5,0
6485,Monday,2/13/2017,09:33:28,Coffee,1.25,0
6486,Monday,2/13/2017,09:33:58,Hot chocolate,2.1,0
6486,Monday,2/13/2017,09:33:58,Toast,1.4,0
6487,Monday,2/13/2017,09:47:21,Coffee,1.25,0
6487,Monday,2/13/2017,09:47:21,Bread,0.95,0
6487,Monday,2/13/2017,09:47:21,Alfajores,2.95,0
6488,Monday,2/13/2017,10:03:37,Alfajores,2.95,0
6488,Monday,2/13/2017,10:03:37,Coffee,1.25,0
6488,Monday,2/13/2017,10:03:37,Bread,0.95,0
6489,Monday,2/13/2017,10:13:23,Bread,0.95,0
6490,Monday,2/13/2017,10:17:46,Coffee,1.25,0
6491,Monday,2/13/2017,10:37:23,Coffee,1.25,0
6491,Monday,2/13/2017,10:37:23,Coffee,1.25,0
6492,Monday,2/13/2017,10:38:25,Coffee,1.25,0
6493,Monday,2/13/2017,10:42:11,Hot chocolate,2.1,0
6494,Monday,2/13/2017,10:53:03,Coffee,1.25,0
6494,Monday,2/13/2017,10:53:03,Juice,1.95,0
6495,Monday,2/13/2017,11:02:54,Coffee,1.25,0
6495,Monday,2/13/2017,11:02:54,Pastry,3,0
6496,Monday,2/13/2017,11:04:06,Pastry,3,0
6496,Monday,2/13/2017,11:04:06,Coffee,1.25,0
6498,Monday,2/13/2017,11:36:58,Juice,1.95,0
6498,Monday,2/13/2017,11:36:58,Hot chocolate,2.1,0
6498,Monday,2/13/2017,11:36:58,Coffee,1.25,0
6498,Monday,2/13/2017,11:36:58,Bread,0.95,0
6498,Monday,2/13/2017,11:36:58,Cookies,2.25,0
6499,Monday,2/13/2017,11:37:41,Tea,1.5,0
6499,Monday,2/13/2017,11:37:41,Coffee,1.25,0
6500,Monday,2/13/2017,11:46:12,Bread,0.95,0
6501,Monday,2/13/2017,11:48:05,Coffee,1.25,0
6501,Monday,2/13/2017,11:48:05,Brownie,3.25,0
6502,Monday,2/13/2017,11:50:52,Bread,0.95,0
6502,Monday,2/13/2017,11:50:52,Cookies,2.25,0
6502,Monday,2/13/2017,11:50:52,Coffee,1.25,0
6503,Monday,2/13/2017,11:56:04,Coffee,1.25,0
6503,Monday,2/13/2017,11:56:04,Coffee,1.25,0
6504,Monday,2/13/2017,11:57:27,Coffee,1.25,0
6505,Monday,2/13/2017,12:06:21,Coffee,1.25,0
6505,Monday,2/13/2017,12:06:21,Coffee,1.25,0
6505,Monday,2/13/2017,12:06:21,Scone,2.75,0
6505,Monday,2/13/2017,12:06:21,Cake,3.75,0
6505,Monday,2/13/2017,12:06:21,Juice,1.95,0
6506,Monday,2/13/2017,12:07:14,Coffee,1.25,0
6506,Monday,2/13/2017,12:07:14,Coffee,1.25,0
6506,Monday,2/13/2017,12:07:14,Cookies,2.25,0
6507,Monday,2/13/2017,12:18:18,Scone,2.75,0
6507,Monday,2/13/2017,12:18:18,Coffee,1.25,0
6508,Monday,2/13/2017,12:22:43,Bread,0.95,0
6509,Monday,2/13/2017,12:29:12,Bread,0.95,0
6509,Monday,2/13/2017,12:29:12,Cookies,2.25,0
6510,Monday,2/13/2017,12:34:21,Coffee,1.25,0
6511,Monday,2/13/2017,12:36:04,Cookies,2.25,0
6511,Monday,2/13/2017,12:36:04,Cake,3.75,0
6511,Monday,2/13/2017,12:36:04,Cake,3.75,0
6511,Monday,2/13/2017,12:36:04,Truffles,5.5,0
6512,Monday,2/13/2017,12:47:43,Baguette,2.5,0
6513,Monday,2/13/2017,12:50:29,Bread,0.95,0
6513,Monday,2/13/2017,12:50:29,Tea,1.5,0
6515,Monday,2/13/2017,13:13:46,Coffee,1.25,0
6516,Monday,2/13/2017,13:16:19,Soup,4.25,0
6517,Monday,2/13/2017,13:22:48,Coffee,1.25,0
6517,Monday,2/13/2017,13:22:48,Tea,1.5,0
6517,Monday,2/13/2017,13:22:48,Sandwich,5.5,0
6517,Monday,2/13/2017,13:22:48,Sandwich,5.5,0
6518,Monday,2/13/2017,13:33:32,Soup,4.25,0
6518,Monday,2/13/2017,13:33:32,Tea,1.5,0
6518,Monday,2/13/2017,13:33:32,Tea,1.5,0
6519,Monday,2/13/2017,13:44:36,Juice,1.95,0
6519,Monday,2/13/2017,13:44:36,Coffee,1.25,0
6519,Monday,2/13/2017,13:44:36,Chicken Stew,5.25,0
6519,Monday,2/13/2017,13:44:36,Sandwich,5.5,0
6519,Monday,2/13/2017,13:44:36,Sandwich,5.5,0
6519,Monday,2/13/2017,13:44:36,Sandwich,5.5,0
6519,Monday,2/13/2017,13:44:36,Cookies,2.25,0
6519,Monday,2/13/2017,13:44:36,Cookies,2.25,0
6520,Monday,2/13/2017,14:03:22,Cake,3.75,0
6521,Monday,2/13/2017,14:12:02,Truffles,5.5,0
6521,Monday,2/13/2017,14:12:02,Bread,0.95,0
6521,Monday,2/13/2017,14:12:02,Sandwich,5.5,0
6521,Monday,2/13/2017,14:12:02,Soup,4.25,0
6522,Monday,2/13/2017,14:13:04,Cake,3.75,0
6522,Monday,2/13/2017,14:13:04,Coffee,1.25,0
6522,Monday,2/13/2017,14:13:04,Cookies,2.25,0
6523,Monday,2/13/2017,14:16:21,Truffles,5.5,0
6523,Monday,2/13/2017,14:16:21,Chicken Stew,5.25,0
6523,Monday,2/13/2017,14:16:21,Brownie,3.25,0
6524,Monday,2/13/2017,14:21:59,Coffee,1.25,0
6524,Monday,2/13/2017,14:21:59,Coffee,1.25,0
6524,Monday,2/13/2017,14:21:59,Alfajores,2.95,0
6524,Monday,2/13/2017,14:21:59,Cookies,2.25,0
6525,Monday,2/13/2017,14:44:25,Coffee,1.25,0
6525,Monday,2/13/2017,14:44:25,Bread,0.95,0
6525,Monday,2/13/2017,14:44:25,Soup,4.25,0
6525,Monday,2/13/2017,14:44:25,Sandwich,5.5,0
6526,Monday,2/13/2017,14:57:38,Bread,0.95,0
6526,Monday,2/13/2017,14:57:38,Alfajores,2.95,0
6527,Monday,2/13/2017,14:58:52,Bread,0.95,0
6528,Monday,2/13/2017,15:00:43,Tea,1.5,0
6528,Monday,2/13/2017,15:00:43,Sandwich,5.5,0
6529,Monday,2/13/2017,15:09:04,Alfajores,2.95,0
6529,Monday,2/13/2017,15:09:04,Bread,0.95,0
6529,Monday,2/13/2017,15:09:04,Coffee,1.25,0
6530,Monday,2/13/2017,15:22:03,Sandwich,5.5,0
6530,Monday,2/13/2017,15:22:03,Sandwich,5.5,0
6530,Monday,2/13/2017,15:22:03,Truffles,5.5,0
6530,Monday,2/13/2017,15:22:03,Tea,1.5,0
6531,Monday,2/13/2017,15:23:27,Cake,3.75,0
6532,Monday,2/13/2017,15:25:43,Coffee,1.25,0
6533,Monday,2/13/2017,15:53:39,Tea,1.5,0
6533,Monday,2/13/2017,15:53:39,Coffee,1.25,0
6533,Monday,2/13/2017,15:53:39,Soup,4.25,0
6533,Monday,2/13/2017,15:53:39,Cake,3.75,0
6534,Monday,2/13/2017,15:54:53,Bread,0.95,0
6534,Monday,2/13/2017,15:54:53,Coffee,1.25,0
6535,Monday,2/13/2017,15:56:39,Chicken Stew,5.25,0
6535,Monday,2/13/2017,15:56:39,Coffee,1.25,0
6536,Monday,2/13/2017,16:01:54,Coffee,1.25,0
6536,Monday,2/13/2017,16:01:54,Coffee,1.25,0
6537,Monday,2/13/2017,16:23:17,Bread,0.95,0
6537,Monday,2/13/2017,16:23:17,Coffee,1.25,0
6538,Monday,2/13/2017,16:29:05,Tea,1.5,0
6538,Monday,2/13/2017,16:29:05,Toast,1.4,0
6539,Monday,2/13/2017,17:07:59,Coffee,1.25,0
6539,Monday,2/13/2017,17:07:59,Coffee,1.25,0
6540,Monday,2/13/2017,17:51:35,Tea,1.5,0
6540,Monday,2/13/2017,17:51:35,Hot chocolate,2.1,0
6540,Monday,2/13/2017,17:51:35,Cake,3.75,0
6540,Monday,2/13/2017,17:51:35,Fudge,3.1,0
6540,Monday,2/13/2017,17:51:35,Bread,0.95,0
6541,Monday,2/13/2017,17:55:24,Bread,0.95,0
6542,Tuesday,2/14/2017,08:16:23,Coffee,1.25,0.02
6542,Tuesday,2/14/2017,08:16:23,Bread,0.95,0.02
6542,Tuesday,2/14/2017,08:16:23,Cake,3.75,0.02
6543,Tuesday,2/14/2017,08:31:38,Alfajores,2.95,0.02
6543,Tuesday,2/14/2017,08:31:38,Coffee,1.25,0.02
6544,Tuesday,2/14/2017,08:55:20,Bread,0.95,0.02
6544,Tuesday,2/14/2017,08:55:20,Bread,0.95,0.02
6546,Tuesday,2/14/2017,09:33:15,Alfajores,2.95,0.02
6547,Tuesday,2/14/2017,09:54:03,Coffee,1.25,0.02
6547,Tuesday,2/14/2017,09:54:03,Coffee,1.25,0.02
6548,Tuesday,2/14/2017,10:03:42,Coffee,1.25,0.02
6548,Tuesday,2/14/2017,10:03:42,Bread,0.95,0.02
6548,Tuesday,2/14/2017,10:03:42,Toast,1.4,0.02
6549,Tuesday,2/14/2017,10:48:23,Bread,0.95,0.02
6549,Tuesday,2/14/2017,10:48:23,Pastry,3,0.02
6550,Tuesday,2/14/2017,11:02:57,Tea,1.5,0.02
6551,Tuesday,2/14/2017,11:09:59,Coffee,1.25,0.02
6551,Tuesday,2/14/2017,11:09:59,Tea,1.5,0.02
6551,Tuesday,2/14/2017,11:09:59,Cake,3.75,0.02
6552,Tuesday,2/14/2017,11:32:02,Coffee,1.25,0.02
6552,Tuesday,2/14/2017,11:32:02,Coffee,1.25,0.02
6552,Tuesday,2/14/2017,11:32:02,Cake,3.75,0.02
6552,Tuesday,2/14/2017,11:32:02,Toast,1.4,0.02
6553,Tuesday,2/14/2017,11:38:52,Coffee,1.25,0.02
6553,Tuesday,2/14/2017,11:38:52,Pastry,3,0.02
6553,Tuesday,2/14/2017,11:38:52,Alfajores,2.95,0.02
6554,Tuesday,2/14/2017,11:40:15,Hot chocolate,2.1,0.02
6554,Tuesday,2/14/2017,11:40:15,Cake,3.75,0.02
6555,Tuesday,2/14/2017,11:40:47,Hot chocolate,2.1,0.02
6555,Tuesday,2/14/2017,11:40:47,Cake,3.75,0.02
6556,Tuesday,2/14/2017,12:15:53,Bread,0.95,0.02
6557,Tuesday,2/14/2017,12:16:43,Coffee,1.25,0.02
6557,Tuesday,2/14/2017,12:16:43,Coffee,1.25,0.02
6557,Tuesday,2/14/2017,12:16:43,Tea,1.5,0.02
6557,Tuesday,2/14/2017,12:16:43,Cake,3.75,0.02
6557,Tuesday,2/14/2017,12:16:43,Alfajores,2.95,0.02
6558,Tuesday,2/14/2017,12:18:43,Cookies,2.25,0.02
6558,Tuesday,2/14/2017,12:18:43,Scone,2.75,0.02
6558,Tuesday,2/14/2017,12:18:43,Coffee,1.25,0.02
6558,Tuesday,2/14/2017,12:18:43,Hot chocolate,2.1,0.02
6559,Tuesday,2/14/2017,12:33:55,Coffee,1.25,0.02
6559,Tuesday,2/14/2017,12:33:55,Coffee,1.25,0.02
6559,Tuesday,2/14/2017,12:33:55,Hot chocolate,2.1,0.02
6559,Tuesday,2/14/2017,12:33:55,Coffee,1.25,0.02
6559,Tuesday,2/14/2017,12:33:55,Cake,3.75,0.02
6560,Tuesday,2/14/2017,12:36:44,Coffee,1.25,0.02
6560,Tuesday,2/14/2017,12:36:44,Coffee,1.25,0.02
6560,Tuesday,2/14/2017,12:36:44,Coffee,1.25,0.02
6560,Tuesday,2/14/2017,12:36:44,Coffee,1.25,0.02
6560,Tuesday,2/14/2017,12:36:44,Cookies,2.25,0.02
6561,Tuesday,2/14/2017,12:40:43,Coffee,1.25,0.02
6561,Tuesday,2/14/2017,12:40:43,Cake,3.75,0.02
6562,Tuesday,2/14/2017,12:59:56,Bread,0.95,0.02
6562,Tuesday,2/14/2017,12:59:56,Bread,0.95,0.02
6563,Tuesday,2/14/2017,13:08:40,Sandwich,5.5,0.02
6563,Tuesday,2/14/2017,13:08:40,Coffee,1.25,0.02
6565,Tuesday,2/14/2017,13:11:49,Bread,0.95,0.02
6566,Tuesday,2/14/2017,13:17:28,Coffee,1.25,0.02
6566,Tuesday,2/14/2017,13:17:28,Cake,3.75,0.02
6567,Tuesday,2/14/2017,13:18:15,Coffee,1.25,0.02
6567,Tuesday,2/14/2017,13:18:15,Pastry,3,0.02
6569,Tuesday,2/14/2017,13:49:40,Bread,0.95,0.02
6570,Tuesday,2/14/2017,14:06:22,Bread,0.95,0.02
6570,Tuesday,2/14/2017,14:06:22,Cake,3.75,0.02
6571,Tuesday,2/14/2017,14:10:44,Cake,3.75,0.02
6573,Tuesday,2/14/2017,14:34:33,Bread,0.95,0.02
6574,Tuesday,2/14/2017,14:37:31,Cookies,2.25,0.02
6574,Tuesday,2/14/2017,14:37:31,Cookies,2.25,0.02
6574,Tuesday,2/14/2017,14:37:31,Toast,1.4,0.02
6574,Tuesday,2/14/2017,14:37:31,Coffee,1.25,0.02
6574,Tuesday,2/14/2017,14:37:31,Bread,0.95,0.02
6575,Tuesday,2/14/2017,14:44:59,Tea,1.5,0.02
6575,Tuesday,2/14/2017,14:44:59,Tea,1.5,0.02
6576,Tuesday,2/14/2017,14:47:20,Coffee,1.25,0.02
6577,Tuesday,2/14/2017,15:09:09,Hot chocolate,2.1,0.02
6577,Tuesday,2/14/2017,15:09:09,Hot chocolate,2.1,0.02
6577,Tuesday,2/14/2017,15:09:09,Hot chocolate,2.1,0.02
6577,Tuesday,2/14/2017,15:09:09,Smoothies,4,0.02
6577,Tuesday,2/14/2017,15:09:09,Cookies,2.25,0.02
6577,Tuesday,2/14/2017,15:09:09,Cookies,2.25,0.02
6578,Tuesday,2/14/2017,15:11:16,Coffee,1.25,0.02
6578,Tuesday,2/14/2017,15:11:16,Juice,1.95,0.02
6578,Tuesday,2/14/2017,15:11:16,Bread,0.95,0.02
6578,Tuesday,2/14/2017,15:11:16,Bread,0.95,0.02
6579,Tuesday,2/14/2017,15:12:51,Coffee,1.25,0.02
6580,Tuesday,2/14/2017,15:21:41,Alfajores,2.95,0.02
6580,Tuesday,2/14/2017,15:21:41,Bread,0.95,0.02
6581,Tuesday,2/14/2017,15:39:06,Soup,4.25,0.02
6581,Tuesday,2/14/2017,15:39:06,Tea,1.5,0.02
6582,Tuesday,2/14/2017,15:55:47,Tea,1.5,0.02
6582,Tuesday,2/14/2017,15:55:47,Alfajores,2.95,0.02
6583,Tuesday,2/14/2017,16:16:36,Bread,0.95,0.02
6584,Tuesday,2/14/2017,16:29:36,Baguette,2.5,0.02
6584,Tuesday,2/14/2017,16:29:36,Alfajores,2.95,0.02
6585,Tuesday,2/14/2017,16:31:34,Baguette,2.5,0.02
6586,Tuesday,2/14/2017,16:42:03,Bread,0.95,0.02
6587,Tuesday,2/14/2017,16:50:20,Coffee,1.25,0.02
6587,Tuesday,2/14/2017,16:50:20,Coffee,1.25,0.02
6592,Wednesday,2/15/2017,07:58:43,Coffee,1.25,0.65
6592,Wednesday,2/15/2017,07:58:43,Coffee,1.25,0.65
6593,Wednesday,2/15/2017,07:59:55,Toast,1.4,0.65
6594,Wednesday,2/15/2017,08:37:00,Bread,0.95,0.65
6595,Wednesday,2/15/2017,09:54:39,Coffee,1.25,0.65
6595,Wednesday,2/15/2017,09:54:39,Coffee,1.25,0.65
6596,Wednesday,2/15/2017,09:56:04,Pastry,3,0.65
6597,Wednesday,2/15/2017,10:24:04,Bread,0.95,0.65
6598,Wednesday,2/15/2017,10:34:09,Pastry,3,0.65
6598,Wednesday,2/15/2017,10:34:09,Coffee,1.25,0.65
6598,Wednesday,2/15/2017,10:34:09,Coffee,1.25,0.65
6599,Wednesday,2/15/2017,10:50:52,Baguette,2.5,0.65
6600,Wednesday,2/15/2017,11:12:50,Coffee,1.25,0.65
6601,Wednesday,2/15/2017,11:16:49,Tea,1.5,0.65
6601,Wednesday,2/15/2017,11:16:49,Tea,1.5,0.65
6601,Wednesday,2/15/2017,11:16:49,Pastry,3,0.65
6602,Wednesday,2/15/2017,11:22:31,Bread,0.95,0.65
6603,Wednesday,2/15/2017,11:26:30,Coffee,1.25,0.65
6603,Wednesday,2/15/2017,11:26:30,Bread,0.95,0.65
6604,Wednesday,2/15/2017,11:55:18,Baguette,2.5,0.65
6605,Wednesday,2/15/2017,12:00:27,Hot chocolate,2.1,0.65
6605,Wednesday,2/15/2017,12:00:27,Coffee,1.25,0.65
6605,Wednesday,2/15/2017,12:00:27,Soup,4.25,0.65
6605,Wednesday,2/15/2017,12:00:27,Cake,3.75,0.65
6606,Wednesday,2/15/2017,12:07:28,Bread,0.95,0.65
6606,Wednesday,2/15/2017,12:07:28,Coffee,1.25,0.65
6607,Wednesday,2/15/2017,12:28:50,Bread,0.95,0.65
6609,Wednesday,2/15/2017,12:44:07,Sandwich,5.5,0.65
6609,Wednesday,2/15/2017,12:44:07,Truffles,5.5,0.65
6610,Wednesday,2/15/2017,13:06:51,Coffee,1.25,0.65
6610,Wednesday,2/15/2017,13:06:51,Toast,1.4,0.65
6611,Wednesday,2/15/2017,13:22:48,Soup,4.25,0.65
6612,Wednesday,2/15/2017,13:25:01,Coffee,1.25,0.65
6612,Wednesday,2/15/2017,13:25:01,Coffee,1.25,0.65
6613,Wednesday,2/15/2017,13:46:20,Sandwich,5.5,0.65
6613,Wednesday,2/15/2017,13:46:20,Juice,1.95,0.65
6614,Wednesday,2/15/2017,14:11:28,Soup,4.25,0.65
6614,Wednesday,2/15/2017,14:11:28,Soup,4.25,0.65
6614,Wednesday,2/15/2017,14:11:28,Cake,3.75,0.65
6614,Wednesday,2/15/2017,14:11:28,Cake,3.75,0.65
6614,Wednesday,2/15/2017,14:11:28,Tea,1.5,0.65
6614,Wednesday,2/15/2017,14:11:28,Tea,1.5,0.65
6616,Wednesday,2/15/2017,14:16:26,Bread,0.95,0.65
6617,Wednesday,2/15/2017,14:23:16,Baguette,2.5,0.65
6617,Wednesday,2/15/2017,14:23:16,Coffee,1.25,0.65
6617,Wednesday,2/15/2017,14:23:16,Coffee,1.25,0.65
6617,Wednesday,2/15/2017,14:23:16,Coffee,1.25,0.65
6617,Wednesday,2/15/2017,14:23:16,Alfajores,2.95,0.65
6618,Wednesday,2/15/2017,14:40:41,Coffee,1.25,0.65
6618,Wednesday,2/15/2017,14:40:41,Bread,0.95,0.65
6619,Wednesday,2/15/2017,14:41:27,Bread,0.95,0.65
6620,Wednesday,2/15/2017,14:54:25,Cake,3.75,0.65
6621,Wednesday,2/15/2017,14:56:10,Baguette,2.5,0.65
6622,Wednesday,2/15/2017,15:24:42,Hot chocolate,2.1,0.65
6622,Wednesday,2/15/2017,15:24:42,Alfajores,2.95,0.65
6623,Wednesday,2/15/2017,15:26:54,Coffee,1.25,0.65
6623,Wednesday,2/15/2017,15:26:54,Hot chocolate,2.1,0.65
6623,Wednesday,2/15/2017,15:26:54,Coffee,1.25,0.65
6624,Wednesday,2/15/2017,15:34:46,Coffee,1.25,0.65
6624,Wednesday,2/15/2017,15:34:46,Pastry,3,0.65
6625,Wednesday,2/15/2017,15:43:04,Hot chocolate,2.1,0.65
6625,Wednesday,2/15/2017,15:43:04,Coffee,1.25,0.65
6625,Wednesday,2/15/2017,15:43:04,Alfajores,2.95,0.65
6625,Wednesday,2/15/2017,15:43:04,Cake,3.75,0.65
6626,Wednesday,2/15/2017,16:54:32,Brownie,3.25,0.65
6627,Wednesday,2/15/2017,17:18:00,Bread,0.95,0.65
6628,Thursday,2/16/2017,09:08:10,Coffee,1.25,0.01
6628,Thursday,2/16/2017,09:08:10,Bread,0.95,0.01
6629,Thursday,2/16/2017,09:20:51,Bread,0.95,0.01
6629,Thursday,2/16/2017,09:20:51,Cake,3.75,0.01
6630,Thursday,2/16/2017,09:58:05,Cake,3.75,0.01
6630,Thursday,2/16/2017,09:58:05,Coffee,1.25,0.01
6631,Thursday,2/16/2017,10:02:17,Coffee,1.25,0.01
6633,Thursday,2/16/2017,10:27:30,Cookies,2.25,0.01
6634,Thursday,2/16/2017,10:34:58,Brownie,3.25,0.01
6635,Thursday,2/16/2017,10:39:28,Coffee,1.25,0.01
6636,Thursday,2/16/2017,10:48:04,Baguette,2.5,0.01
6637,Thursday,2/16/2017,10:55:25,Coffee,1.25,0.01
6638,Thursday,2/16/2017,11:23:06,Alfajores,2.95,0.01
6638,Thursday,2/16/2017,11:23:06,Hot chocolate,2.1,0.01
6638,Thursday,2/16/2017,11:23:06,Hot chocolate,2.1,0.01
6638,Thursday,2/16/2017,11:23:06,Bread,0.95,0.01
6639,Thursday,2/16/2017,11:38:33,Pastry,3,0.01
6639,Thursday,2/16/2017,11:38:33,Alfajores,2.95,0.01
6639,Thursday,2/16/2017,11:38:33,Alfajores,2.95,0.01
6639,Thursday,2/16/2017,11:38:33,Cake,3.75,0.01
6640,Thursday,2/16/2017,11:55:22,Coffee,1.25,0.01
6641,Thursday,2/16/2017,12:02:19,Hot chocolate,2.1,0.01
6641,Thursday,2/16/2017,12:02:19,Coffee,1.25,0.01
6641,Thursday,2/16/2017,12:02:19,Cake,3.75,0.01
6641,Thursday,2/16/2017,12:02:19,Cookies,2.25,0.01
6642,Thursday,2/16/2017,12:05:31,Coffee,1.25,0.01
6642,Thursday,2/16/2017,12:05:31,Pastry,3,0.01
6643,Thursday,2/16/2017,12:12:53,Smoothies,4,0.01
6643,Thursday,2/16/2017,12:12:53,Sandwich,5.5,0.01
6643,Thursday,2/16/2017,12:12:53,Soup,4.25,0.01
6644,Thursday,2/16/2017,12:19:11,Coffee,1.25,0.01
6644,Thursday,2/16/2017,12:19:11,Juice,1.95,0.01
6644,Thursday,2/16/2017,12:19:11,Chicken Stew,5.25,0.01
6644,Thursday,2/16/2017,12:19:11,Tea,1.5,0.01
6645,Thursday,2/16/2017,12:20:55,Hot chocolate,2.1,0.01
6645,Thursday,2/16/2017,12:20:55,Juice,1.95,0.01
6645,Thursday,2/16/2017,12:20:55,Hot chocolate,2.1,0.01
6645,Thursday,2/16/2017,12:20:55,Toast,1.4,0.01
6645,Thursday,2/16/2017,12:20:55,Chicken Stew,5.25,0.01
6645,Thursday,2/16/2017,12:20:55,Tea,1.5,0.01
6645,Thursday,2/16/2017,12:20:55,Tea,1.5,0.01
6646,Thursday,2/16/2017,12:24:43,Coffee,1.25,0.01
6647,Thursday,2/16/2017,12:33:00,Coffee,1.25,0.01
6647,Thursday,2/16/2017,12:33:00,Coffee,1.25,0.01
6647,Thursday,2/16/2017,12:33:00,Pastry,3,0.01
6647,Thursday,2/16/2017,12:33:00,Pastry,3,0.01
6648,Thursday,2/16/2017,12:45:14,Coffee,1.25,0.01
6648,Thursday,2/16/2017,12:45:14,Coffee,1.25,0.01
6648,Thursday,2/16/2017,12:45:14,Cookies,2.25,0.01
6648,Thursday,2/16/2017,12:45:14,Cake,3.75,0.01
6649,Thursday,2/16/2017,12:45:47,Coffee,1.25,0.01
6650,Thursday,2/16/2017,12:47:55,Fudge,3.1,0.01
6651,Thursday,2/16/2017,12:53:29,Coffee,1.25,0.01
6651,Thursday,2/16/2017,12:53:29,Cake,3.75,0.01
6651,Thursday,2/16/2017,12:53:29,Brownie,3.25,0.01
6651,Thursday,2/16/2017,12:53:29,Alfajores,2.95,0.01
6652,Thursday,2/16/2017,12:54:35,Cake,3.75,0.01
6653,Thursday,2/16/2017,13:02:33,Tea,1.5,0.01
6653,Thursday,2/16/2017,13:02:33,Tea,1.5,0.01
6653,Thursday,2/16/2017,13:02:33,Soup,4.25,0.01
6654,Thursday,2/16/2017,13:30:23,Hot chocolate,2.1,0.01
6654,Thursday,2/16/2017,13:30:23,Sandwich,5.5,0.01
6654,Thursday,2/16/2017,13:30:23,Sandwich,5.5,0.01
6656,Thursday,2/16/2017,14:10:53,Soup,4.25,0.01
6656,Thursday,2/16/2017,14:10:53,Soup,4.25,0.01
6656,Thursday,2/16/2017,14:10:53,Tea,1.5,0.01
6656,Thursday,2/16/2017,14:10:53,Truffles,5.5,0.01
6657,Thursday,2/16/2017,14:12:21,Coffee,1.25,0.01
6657,Thursday,2/16/2017,14:12:21,Coffee,1.25,0.01
6657,Thursday,2/16/2017,14:12:21,Brownie,3.25,0.01
6657,Thursday,2/16/2017,14:12:21,Cake,3.75,0.01
6657,Thursday,2/16/2017,14:12:21,Sandwich,5.5,0.01
6657,Thursday,2/16/2017,14:12:21,Sandwich,5.5,0.01
6658,Thursday,2/16/2017,14:26:05,Cookies,2.25,0.01
6659,Thursday,2/16/2017,14:27:41,Coffee,1.25,0.01
6660,Thursday,2/16/2017,14:29:53,Coffee,1.25,0.01
6660,Thursday,2/16/2017,14:29:53,Coffee,1.25,0.01
6660,Thursday,2/16/2017,14:29:53,Juice,1.95,0.01
6660,Thursday,2/16/2017,14:29:53,Toast,1.4,0.01
6661,Thursday,2/16/2017,14:40:32,Pastry,3,0.01
6661,Thursday,2/16/2017,14:40:32,Coffee,1.25,0.01
6661,Thursday,2/16/2017,14:40:32,Coffee,1.25,0.01
6661,Thursday,2/16/2017,14:40:32,Muffin,2.6,0.01
6661,Thursday,2/16/2017,14:40:32,Alfajores,2.95,0.01
6662,Thursday,2/16/2017,15:10:06,Bread,0.95,0.01
6663,Thursday,2/16/2017,15:19:18,Baguette,2.5,0.01
6664,Thursday,2/16/2017,15:21:44,Brownie,3.25,0.01
6664,Thursday,2/16/2017,15:21:44,Cookies,2.25,0.01
6664,Thursday,2/16/2017,15:21:44,Cookies,2.25,0.01
6665,Thursday,2/16/2017,15:26:01,Cookies,2.25,0.01
6666,Thursday,2/16/2017,15:28:40,Baguette,2.5,0.01
6666,Thursday,2/16/2017,15:28:40,Cake,3.75,0.01
6667,Thursday,2/16/2017,15:34:09,Cake,3.75,0.01
6668,Thursday,2/16/2017,15:45:08,Bread,0.95,0.01
6669,Thursday,2/16/2017,15:52:35,Coffee,1.25,0.01
6670,Thursday,2/16/2017,15:58:34,Tea,1.5,0.01
6671,Thursday,2/16/2017,17:19:39,Bread,0.95,0.01
6672,Friday,2/17/2017,08:14:03,Coffee,1.25,0
6673,Friday,2/17/2017,09:23:02,Bread,0.95,0
6674,Friday,2/17/2017,09:24:16,Coffee,1.25,0
6674,Friday,2/17/2017,09:24:16,Coffee,1.25,0
6674,Friday,2/17/2017,09:24:16,Pastry,3,0
6675,Friday,2/17/2017,09:49:53,Coffee,1.25,0
6675,Friday,2/17/2017,09:49:53,Bread,0.95,0
6676,Friday,2/17/2017,09:50:39,Coffee,1.25,0
6677,Friday,2/17/2017,09:54:05,Tea,1.5,0
6678,Friday,2/17/2017,09:57:57,Coffee,1.25,0
6678,Friday,2/17/2017,09:57:57,Bread,0.95,0
6679,Friday,2/17/2017,10:38:10,Tea,1.5,0
6679,Friday,2/17/2017,10:38:10,Coffee,1.25,0
6679,Friday,2/17/2017,10:38:10,Cookies,2.25,0
6679,Friday,2/17/2017,10:38:10,Cookies,2.25,0
6680,Friday,2/17/2017,10:45:57,Bread,0.95,0
6680,Friday,2/17/2017,10:45:57,Bread,0.95,0
6681,Friday,2/17/2017,10:50:03,Baguette,2.5,0
6683,Friday,2/17/2017,11:02:14,Bread,0.95,0
6684,Friday,2/17/2017,11:05:21,Cake,3.75,0
6684,Friday,2/17/2017,11:05:21,Cookies,2.25,0
6684,Friday,2/17/2017,11:05:21,Coffee,1.25,0
6684,Friday,2/17/2017,11:05:21,Coffee,1.25,0
6685,Friday,2/17/2017,11:08:25,Coffee,1.25,0
6685,Friday,2/17/2017,11:08:25,Tea,1.5,0
6685,Friday,2/17/2017,11:08:25,Scone,2.75,0
6685,Friday,2/17/2017,11:08:25,Bread,0.95,0
6686,Friday,2/17/2017,11:08:40,Coffee,1.25,0
6687,Friday,2/17/2017,11:09:23,Tea,1.5,0
6687,Friday,2/17/2017,11:09:23,Cake,3.75,0
6688,Friday,2/17/2017,11:11:27,Pastry,3,0
6688,Friday,2/17/2017,11:11:27,Coffee,1.25,0
6688,Friday,2/17/2017,11:11:27,Coffee,1.25,0
6690,Friday,2/17/2017,11:31:27,Juice,1.95,0
6690,Friday,2/17/2017,11:31:27,Bread,0.95,0
6690,Friday,2/17/2017,11:31:27,Sandwich,5.5,0
6690,Friday,2/17/2017,11:31:27,Sandwich,5.5,0
6690,Friday,2/17/2017,11:31:27,Sandwich,5.5,0
6691,Friday,2/17/2017,11:43:33,Bread,0.95,0
6691,Friday,2/17/2017,11:43:33,Bread,0.95,0
6691,Friday,2/17/2017,11:43:33,Tea,1.5,0
6692,Friday,2/17/2017,11:43:50,Bread,0.95,0
6692,Friday,2/17/2017,11:43:50,Tea,1.5,0
6693,Friday,2/17/2017,11:46:41,Juice,1.95,0
6693,Friday,2/17/2017,11:46:41,Coffee,1.25,0
6693,Friday,2/17/2017,11:46:41,Coffee,1.25,0
6693,Friday,2/17/2017,11:46:41,Hot chocolate,2.1,0
6693,Friday,2/17/2017,11:46:41,Hot chocolate,2.1,0
6694,Friday,2/17/2017,11:49:18,Brownie,3.25,0
6694,Friday,2/17/2017,11:49:18,Pastry,3,0
6694,Friday,2/17/2017,11:49:18,Juice,1.95,0
6694,Friday,2/17/2017,11:49:18,Bread,0.95,0
6694,Friday,2/17/2017,11:49:18,Scone,2.75,0
6695,Friday,2/17/2017,11:58:28,Cake,3.75,0
6695,Friday,2/17/2017,11:58:28,Muffin,2.6,0
6696,Friday,2/17/2017,11:59:25,Brownie,3.25,0
6696,Friday,2/17/2017,11:59:25,Sandwich,5.5,0
6696,Friday,2/17/2017,11:59:25,Baguette,2.5,0
6697,Friday,2/17/2017,12:09:01,Coffee,1.25,0
6698,Friday,2/17/2017,12:33:14,Coffee,1.25,0
6698,Friday,2/17/2017,12:33:14,Sandwich,5.5,0
6698,Friday,2/17/2017,12:33:14,Sandwich,5.5,0
6699,Friday,2/17/2017,12:38:04,Coffee,1.25,0
6699,Friday,2/17/2017,12:38:04,Toast,1.4,0
6700,Friday,2/17/2017,13:06:30,Pastry,3,0
6701,Friday,2/17/2017,13:08:20,Sandwich,5.5,0
6702,Friday,2/17/2017,13:09:38,Muffin,2.6,0
6703,Friday,2/17/2017,13:09:56,Bread,0.95,0
6704,Friday,2/17/2017,13:10:22,Bread,0.95,0
6705,Friday,2/17/2017,13:13:38,Chicken Stew,5.25,0
6705,Friday,2/17/2017,13:13:38,Scone,2.75,0
6705,Friday,2/17/2017,13:13:38,Brownie,3.25,0
6706,Friday,2/17/2017,13:14:15,Scone,2.75,0
6707,Friday,2/17/2017,13:16:24,Sandwich,5.5,0
6707,Friday,2/17/2017,13:16:24,Soup,4.25,0
6707,Friday,2/17/2017,13:16:24,Coffee,1.25,0
6708,Friday,2/17/2017,13:22:16,Bread,0.95,0
6709,Friday,2/17/2017,13:27:44,Chicken Stew,5.25,0
6709,Friday,2/17/2017,13:27:44,Tea,1.5,0
6710,Friday,2/17/2017,13:31:44,Cake,3.75,0
6710,Friday,2/17/2017,13:31:44,Coffee,1.25,0
6710,Friday,2/17/2017,13:31:44,Coffee,1.25,0
6710,Friday,2/17/2017,13:31:44,Sandwich,5.5,0
6710,Friday,2/17/2017,13:31:44,Sandwich,5.5,0
6711,Friday,2/17/2017,13:41:33,Bread,0.95,0
6712,Friday,2/17/2017,13:56:37,Bread,0.95,0
6712,Friday,2/17/2017,13:56:37,Scone,2.75,0
6713,Friday,2/17/2017,14:04:25,Sandwich,5.5,0
6713,Friday,2/17/2017,14:04:25,Tea,1.5,0
6713,Friday,2/17/2017,14:04:25,Tea,1.5,0
6714,Friday,2/17/2017,14:12:58,Cake,3.75,0
6715,Friday,2/17/2017,14:16:41,Baguette,2.5,0
6716,Friday,2/17/2017,14:18:20,Coffee,1.25,0
6716,Friday,2/17/2017,14:18:20,Coffee,1.25,0
6716,Friday,2/17/2017,14:18:20,Coffee,1.25,0
6716,Friday,2/17/2017,14:18:20,Tea,1.5,0
6716,Friday,2/17/2017,14:18:20,Bread,0.95,0
6716,Friday,2/17/2017,14:18:20,Soup,4.25,0
6716,Friday,2/17/2017,14:18:20,Chicken Stew,5.25,0
6716,Friday,2/17/2017,14:18:20,Sandwich,5.5,0
6717,Friday,2/17/2017,14:19:21,Coffee,1.25,0
6717,Friday,2/17/2017,14:19:21,Bread,0.95,0
6718,Friday,2/17/2017,14:27:38,Hot chocolate,2.1,0
6718,Friday,2/17/2017,14:27:38,Bread,0.95,0
6718,Friday,2/17/2017,14:27:38,Muffin,2.6,0
6719,Friday,2/17/2017,14:32:04,Coffee,1.25,0
6719,Friday,2/17/2017,14:32:04,Scone,2.75,0
6720,Friday,2/17/2017,14:33:50,Coffee,1.25,0
6720,Friday,2/17/2017,14:33:50,Hot chocolate,2.1,0
6721,Friday,2/17/2017,14:36:12,Tea,1.5,0
6721,Friday,2/17/2017,14:36:12,Coffee,1.25,0
6722,Friday,2/17/2017,14:42:18,Muffin,2.6,0
6723,Friday,2/17/2017,14:45:07,Sandwich,5.5,0
6723,Friday,2/17/2017,14:45:07,Sandwich,5.5,0
6723,Friday,2/17/2017,14:45:07,Sandwich,5.5,0
6723,Friday,2/17/2017,14:45:07,Truffles,5.5,0
6723,Friday,2/17/2017,14:45:07,Coffee,1.25,0
6724,Friday,2/17/2017,14:46:15,Baguette,2.5,0
6725,Friday,2/17/2017,15:32:55,Bread,0.95,0
6725,Friday,2/17/2017,15:32:55,Brownie,3.25,0
6725,Friday,2/17/2017,15:32:55,Truffles,5.5,0
6726,Friday,2/17/2017,15:42:33,Coffee,1.25,0
6726,Friday,2/17/2017,15:42:33,Coffee,1.25,0
6726,Friday,2/17/2017,15:42:33,Hot chocolate,2.1,0
6726,Friday,2/17/2017,15:42:33,Alfajores,2.95,0
6727,Friday,2/17/2017,15:45:16,Cake,3.75,0
6727,Friday,2/17/2017,15:45:16,Coffee,1.25,0
6727,Friday,2/17/2017,15:45:16,Sandwich,5.5,0
6728,Friday,2/17/2017,16:04:30,Coffee,1.25,0
6729,Friday,2/17/2017,16:32:40,Coffee,1.25,0
6730,Friday,2/17/2017,16:38:06,Bread,0.95,0
6730,Friday,2/17/2017,16:38:06,Bread,0.95,0
6730,Friday,2/17/2017,16:38:06,Coffee,1.25,0
6730,Friday,2/17/2017,16:38:06,Coffee,1.25,0
6730,Friday,2/17/2017,16:38:06,Tea,1.5,0
6730,Friday,2/17/2017,16:38:06,Brownie,3.25,0
6730,Friday,2/17/2017,16:38:06,Bread,0.95,0
6730,Friday,2/17/2017,16:38:06,Alfajores,2.95,0
6731,Friday,2/17/2017,16:46:25,Scone,2.75,0
6731,Friday,2/17/2017,16:46:25,Bread,0.95,0
6731,Friday,2/17/2017,16:46:25,Tea,1.5,0
6731,Friday,2/17/2017,16:46:25,Coffee,1.25,0
6732,Friday,2/17/2017,16:51:09,Cake,3.75,0
6733,Friday,2/17/2017,17:01:03,Cake,3.75,0
6733,Friday,2/17/2017,17:01:03,Bread,0.95,0
6734,Friday,2/17/2017,17:08:21,Muffin,2.6,0
6734,Friday,2/17/2017,17:08:21,Scone,2.75,0
6734,Friday,2/17/2017,17:08:21,Cake,3.75,0
6734,Friday,2/17/2017,17:08:21,Tea,1.5,0
6734,Friday,2/17/2017,17:08:21,Tea,1.5,0
6734,Friday,2/17/2017,17:08:21,Tea,1.5,0
6735,Saturday,2/18/2017,08:36:52,Baguette,2.5,0.01
6736,Saturday,2/18/2017,08:49:09,Bread,0.95,0.01
6737,Saturday,2/18/2017,08:54:12,Bread,0.95,0.01
6737,Saturday,2/18/2017,08:54:12,Pastry,3,0.01
6739,Saturday,2/18/2017,09:06:18,Tea,1.5,0.01
6740,Saturday,2/18/2017,09:08:51,Coffee,1.25,0.01
6740,Saturday,2/18/2017,09:08:51,Tea,1.5,0.01
6741,Saturday,2/18/2017,09:20:44,Bread,0.95,0.01
6742,Saturday,2/18/2017,09:25:03,Scone,2.75,0.01
6742,Saturday,2/18/2017,09:25:03,Fudge,3.1,0.01
6743,Saturday,2/18/2017,09:26:55,Cake,3.75,0.01
6744,Saturday,2/18/2017,09:27:25,Coffee,1.25,0.01
6745,Saturday,2/18/2017,09:29:34,Bread,0.95,0.01
6745,Saturday,2/18/2017,09:29:34,Pastry,3,0.01
6746,Saturday,2/18/2017,09:41:24,Baguette,2.5,0.01
6747,Saturday,2/18/2017,09:44:21,Bread,0.95,0.01
6747,Saturday,2/18/2017,09:44:21,Sandwich,5.5,0.01
6748,Saturday,2/18/2017,09:46:04,Sandwich,5.5,0.01
6748,Saturday,2/18/2017,09:46:04,Tea,1.5,0.01
6748,Saturday,2/18/2017,09:46:04,Coffee,1.25,0.01
6749,Saturday,2/18/2017,09:52:02,Bread,0.95,0.01
6749,Saturday,2/18/2017,09:52:02,Baguette,2.5,0.01
6751,Saturday,2/18/2017,09:57:13,Scone,2.75,0.01
6751,Saturday,2/18/2017,09:57:13,Bread,0.95,0.01
6751,Saturday,2/18/2017,09:57:13,Coffee,1.25,0.01
6752,Saturday,2/18/2017,10:13:26,Coffee,1.25,0.01
6753,Saturday,2/18/2017,10:16:29,Bread,0.95,0.01
6754,Saturday,2/18/2017,10:19:15,Coffee,1.25,0.01
6754,Saturday,2/18/2017,10:19:15,Coffee,1.25,0.01
6754,Saturday,2/18/2017,10:19:15,Pastry,3,0.01
6755,Saturday,2/18/2017,10:30:02,Bread,0.95,0.01
6756,Saturday,2/18/2017,10:31:47,Cake,3.75,0.01
6756,Saturday,2/18/2017,10:31:47,Bread,0.95,0.01
6757,Saturday,2/18/2017,10:36:15,Bread,0.95,0.01
6757,Saturday,2/18/2017,10:36:15,Bread,0.95,0.01
6758,Saturday,2/18/2017,10:38:11,Bread,0.95,0.01
6759,Saturday,2/18/2017,10:39:30,Coffee,1.25,0.01
6760,Saturday,2/18/2017,10:40:49,Bread,0.95,0.01
6760,Saturday,2/18/2017,10:40:49,Tea,1.5,0.01
6761,Saturday,2/18/2017,10:45:04,Bread,0.95,0.01
6761,Saturday,2/18/2017,10:45:04,Tea,1.5,0.01
6762,Saturday,2/18/2017,10:47:13,Tea,1.5,0.01
6763,Saturday,2/18/2017,10:47:50,Tea,1.5,0.01
6765,Saturday,2/18/2017,10:54:46,Coffee,1.25,0.01
6766,Saturday,2/18/2017,10:56:52,Bread,0.95,0.01
6767,Saturday,2/18/2017,10:58:43,Coffee,1.25,0.01
6769,Saturday,2/18/2017,11:03:32,Coffee,1.25,0.01
6769,Saturday,2/18/2017,11:03:32,Coffee,1.25,0.01
6769,Saturday,2/18/2017,11:03:32,Juice,1.95,0.01
6769,Saturday,2/18/2017,11:03:32,Alfajores,2.95,0.01
6770,Saturday,2/18/2017,11:04:36,Sandwich,5.5,0.01
6771,Saturday,2/18/2017,11:06:13,Juice,1.95,0.01
6771,Saturday,2/18/2017,11:06:13,Coffee,1.25,0.01
6772,Saturday,2/18/2017,11:07:25,Bread,0.95,0.01
6773,Saturday,2/18/2017,11:08:42,Pastry,3,0.01
6773,Saturday,2/18/2017,11:08:42,Pastry,3,0.01
6773,Saturday,2/18/2017,11:08:42,Bread,0.95,0.01
6774,Saturday,2/18/2017,11:09:08,Coffee,1.25,0.01
6775,Saturday,2/18/2017,11:14:38,Coffee,1.25,0.01
6775,Saturday,2/18/2017,11:14:38,Bread,0.95,0.01
6776,Saturday,2/18/2017,11:16:55,Bread,0.95,0.01
6776,Saturday,2/18/2017,11:16:55,Bread,0.95,0.01
6776,Saturday,2/18/2017,11:16:55,Pastry,3,0.01
6777,Saturday,2/18/2017,11:18:26,Jam,0.75,0.01
6778,Saturday,2/18/2017,11:21:38,Bread,0.95,0.01
6778,Saturday,2/18/2017,11:21:38,Tea,1.5,0.01
6778,Saturday,2/18/2017,11:21:38,Brownie,3.25,0.01
6778,Saturday,2/18/2017,11:21:38,Toast,1.4,0.01
6778,Saturday,2/18/2017,11:21:38,Cake,3.75,0.01
6779,Saturday,2/18/2017,11:23:07,Bread,0.95,0.01
6779,Saturday,2/18/2017,11:23:07,Bread,0.95,0.01
6779,Saturday,2/18/2017,11:23:07,Brownie,3.25,0.01
6779,Saturday,2/18/2017,11:23:07,Pastry,3,0.01
6780,Saturday,2/18/2017,11:30:34,Bread,0.95,0.01
6781,Saturday,2/18/2017,11:33:49,Coffee,1.25,0.01
6782,Saturday,2/18/2017,11:35:46,Coffee,1.25,0.01
6782,Saturday,2/18/2017,11:35:46,Coffee,1.25,0.01
6783,Saturday,2/18/2017,11:49:25,Bread,0.95,0.01
6784,Saturday,2/18/2017,11:49:55,Bread,0.95,0.01
6784,Saturday,2/18/2017,11:49:55,Coffee,1.25,0.01
6784,Saturday,2/18/2017,11:49:55,Coffee,1.25,0.01
6785,Saturday,2/18/2017,11:51:31,Bread,0.95,0.01
6785,Saturday,2/18/2017,11:51:31,Coffee,1.25,0.01
6785,Saturday,2/18/2017,11:51:31,Toast,1.4,0.01
6787,Saturday,2/18/2017,12:10:27,Coffee,1.25,0.01
6787,Saturday,2/18/2017,12:10:27,Coffee,1.25,0.01
6787,Saturday,2/18/2017,12:10:27,Alfajores,2.95,0.01
6787,Saturday,2/18/2017,12:10:27,Juice,1.95,0.01
6788,Saturday,2/18/2017,12:17:57,Hot chocolate,2.1,0.01
6788,Saturday,2/18/2017,12:17:57,Bread,0.95,0.01
6789,Saturday,2/18/2017,12:26:15,Coffee,1.25,0.01
6789,Saturday,2/18/2017,12:26:15,Coffee,1.25,0.01
6789,Saturday,2/18/2017,12:26:15,Toast,1.4,0.01
6789,Saturday,2/18/2017,12:26:15,Sandwich,5.5,0.01
6789,Saturday,2/18/2017,12:26:15,Bread,0.95,0.01
6790,Saturday,2/18/2017,12:26:52,Coffee,1.25,0.01
6790,Saturday,2/18/2017,12:26:52,Coffee,1.25,0.01
6791,Saturday,2/18/2017,12:30:33,Bread,0.95,0.01
6791,Saturday,2/18/2017,12:30:33,Coffee,1.25,0.01
6791,Saturday,2/18/2017,12:30:33,Alfajores,2.95,0.01
6792,Saturday,2/18/2017,12:36:43,Bread,0.95,0.01
6792,Saturday,2/18/2017,12:36:43,Scone,2.75,0.01
6794,Saturday,2/18/2017,12:46:18,Sandwich,5.5,0.01
6795,Saturday,2/18/2017,12:56:25,Coffee,1.25,0.01
6795,Saturday,2/18/2017,12:56:25,Coffee,1.25,0.01
6795,Saturday,2/18/2017,12:56:25,Brownie,3.25,0.01
6795,Saturday,2/18/2017,12:56:25,Sandwich,5.5,0.01
6796,Saturday,2/18/2017,12:57:46,Hot chocolate,2.1,0.01
6797,Saturday,2/18/2017,13:05:40,Smoothies,4,0.01
6797,Saturday,2/18/2017,13:05:40,Tea,1.5,0.01
6797,Saturday,2/18/2017,13:05:40,Chicken Stew,5.25,0.01
6797,Saturday,2/18/2017,13:05:40,Cake,3.75,0.01
6798,Saturday,2/18/2017,13:06:03,Coffee,1.25,0.01
6799,Saturday,2/18/2017,13:07:02,Chicken Stew,5.25,0.01
6799,Saturday,2/18/2017,13:07:02,Coffee,1.25,0.01
6799,Saturday,2/18/2017,13:07:02,Bread,0.95,0.01
6800,Saturday,2/18/2017,13:08:23,Juice,1.95,0.01
6800,Saturday,2/18/2017,13:08:23,Coffee,1.25,0.01
6800,Saturday,2/18/2017,13:08:23,Coffee,1.25,0.01
6800,Saturday,2/18/2017,13:08:23,Chicken Stew,5.25,0.01
6801,Saturday,2/18/2017,13:31:17,Jam,0.75,0.01
6802,Saturday,2/18/2017,13:38:38,Chicken Stew,5.25,0.01
6803,Saturday,2/18/2017,13:39:16,Coffee,1.25,0.01
6804,Saturday,2/18/2017,13:44:08,Coffee,1.25,0.01
6804,Saturday,2/18/2017,13:44:08,Sandwich,5.5,0.01
6805,Saturday,2/18/2017,13:54:13,Coffee,1.25,0.01
6805,Saturday,2/18/2017,13:54:13,Juice,1.95,0.01
6805,Saturday,2/18/2017,13:54:13,Toast,1.4,0.01
6806,Saturday,2/18/2017,14:14:17,Sandwich,5.5,0.01
6806,Saturday,2/18/2017,14:14:17,Sandwich,5.5,0.01
6806,Saturday,2/18/2017,14:14:17,Coffee,1.25,0.01
6806,Saturday,2/18/2017,14:14:17,Coffee,1.25,0.01
6806,Saturday,2/18/2017,14:14:17,Pastry,3,0.01
6808,Saturday,2/18/2017,14:24:23,Coffee,1.25,0.01
6808,Saturday,2/18/2017,14:24:23,Cake,3.75,0.01
6809,Saturday,2/18/2017,14:27:59,Coffee,1.25,0.01
6810,Saturday,2/18/2017,14:31:39,Cake,3.75,0.01
6810,Saturday,2/18/2017,14:31:39,Scone,2.75,0.01
6810,Saturday,2/18/2017,14:31:39,Chicken Stew,5.25,0.01
6810,Saturday,2/18/2017,14:31:39,Soup,4.25,0.01
6811,Saturday,2/18/2017,14:32:28,Truffles,5.5,0.01
6811,Saturday,2/18/2017,14:32:28,Brownie,3.25,0.01
6813,Saturday,2/18/2017,14:54:13,Scone,2.75,0.01
6814,Saturday,2/18/2017,15:04:47,Sandwich,5.5,0.01
6814,Saturday,2/18/2017,15:04:47,Bread,0.95,0.01
6814,Saturday,2/18/2017,15:04:47,Bread,0.95,0.01
6814,Saturday,2/18/2017,15:04:47,Muffin,2.6,0.01
6815,Saturday,2/18/2017,15:18:56,Bread,0.95,0.01
6816,Saturday,2/18/2017,15:27:52,Bread,0.95,0.01
6816,Saturday,2/18/2017,15:27:52,Brownie,3.25,0.01
6818,Saturday,2/18/2017,15:29:52,Soup,4.25,0.01
6818,Saturday,2/18/2017,15:29:52,Soup,4.25,0.01
6818,Saturday,2/18/2017,15:29:52,Coffee,1.25,0.01
6818,Saturday,2/18/2017,15:29:52,Coffee,1.25,0.01
6819,Saturday,2/18/2017,15:36:56,Chicken Stew,5.25,0.01
6819,Saturday,2/18/2017,15:36:56,Sandwich,5.5,0.01
6819,Saturday,2/18/2017,15:36:56,Tea,1.5,0.01
6819,Saturday,2/18/2017,15:36:56,Cake,3.75,0.01
6820,Saturday,2/18/2017,15:43:49,Chicken Stew,5.25,0.01
6820,Saturday,2/18/2017,15:43:49,Sandwich,5.5,0.01
6820,Saturday,2/18/2017,15:43:49,Coffee,1.25,0.01
6820,Saturday,2/18/2017,15:43:49,Coffee,1.25,0.01
6820,Saturday,2/18/2017,15:43:49,Juice,1.95,0.01
6821,Saturday,2/18/2017,15:53:47,Coffee,1.25,0.01
6823,Saturday,2/18/2017,16:10:41,Scone,2.75,0.01
6824,Saturday,2/18/2017,16:16:19,Hot chocolate,2.1,0.01
6824,Saturday,2/18/2017,16:16:19,Coffee,1.25,0.01
6824,Saturday,2/18/2017,16:16:19,Cake,3.75,0.01
6825,Saturday,2/18/2017,16:22:25,Muffin,2.6,0.01
6825,Saturday,2/18/2017,16:22:25,Alfajores,2.95,0.01
6826,Saturday,2/18/2017,16:25:03,Bread,0.95,0.01
6826,Saturday,2/18/2017,16:25:03,Bread,0.95,0.01
6827,Saturday,2/18/2017,16:28:34,Bread,0.95,0.01
6827,Saturday,2/18/2017,16:28:34,Bread,0.95,0.01
6827,Saturday,2/18/2017,16:28:34,Alfajores,2.95,0.01
6828,Saturday,2/18/2017,16:29:42,Cake,3.75,0.01
6828,Saturday,2/18/2017,16:29:42,Coffee,1.25,0.01
6828,Saturday,2/18/2017,16:29:42,Tea,1.5,0.01
6829,Saturday,2/18/2017,16:41:54,Coffee,1.25,0.01
6829,Saturday,2/18/2017,16:41:54,Coffee,1.25,0.01
6829,Saturday,2/18/2017,16:41:54,Brownie,3.25,0.01
6829,Saturday,2/18/2017,16:41:54,Cake,3.75,0.01
6829,Saturday,2/18/2017,16:41:54,Muffin,2.6,0.01
6830,Saturday,2/18/2017,16:44:04,Bread,0.95,0.01
6830,Saturday,2/18/2017,16:44:04,Cookies,2.25,0.01
6830,Saturday,2/18/2017,16:44:04,Toast,1.4,0.01
6831,Saturday,2/18/2017,17:12:59,Coffee,1.25,0.01
6831,Saturday,2/18/2017,17:12:59,Coffee,1.25,0.01
6832,Sunday,2/19/2017,09:45:11,Cake,3.75,0
6832,Sunday,2/19/2017,09:45:11,Cake,3.75,0
6833,Sunday,2/19/2017,09:55:47,Coffee,1.25,0
6833,Sunday,2/19/2017,09:55:47,Bread,0.95,0
6834,Sunday,2/19/2017,09:59:20,Juice,1.95,0
6834,Sunday,2/19/2017,09:59:20,Hot chocolate,2.1,0
6834,Sunday,2/19/2017,09:59:20,Alfajores,2.95,0
6834,Sunday,2/19/2017,09:59:20,Brownie,3.25,0
6835,Sunday,2/19/2017,10:16:03,Pastry,3,0
6836,Sunday,2/19/2017,10:16:27,Bread,0.95,0
6836,Sunday,2/19/2017,10:16:27,Cookies,2.25,0
6836,Sunday,2/19/2017,10:16:27,Toast,1.4,0
6837,Sunday,2/19/2017,10:38:25,Coffee,1.25,0
6837,Sunday,2/19/2017,10:38:25,Coffee,1.25,0
6838,Sunday,2/19/2017,10:39:34,Smoothies,4,0
6838,Sunday,2/19/2017,10:39:34,Coffee,1.25,0
6838,Sunday,2/19/2017,10:39:34,Bread,0.95,0
6838,Sunday,2/19/2017,10:39:34,Bread,0.95,0
6839,Sunday,2/19/2017,10:45:39,Cake,3.75,0
6840,Sunday,2/19/2017,10:48:28,Coffee,1.25,0
6840,Sunday,2/19/2017,10:48:28,Coffee,1.25,0
6840,Sunday,2/19/2017,10:48:28,Smoothies,4,0
6840,Sunday,2/19/2017,10:48:28,Juice,1.95,0
6841,Sunday,2/19/2017,11:04:14,Coffee,1.25,0
6841,Sunday,2/19/2017,11:04:14,Coffee,1.25,0
6841,Sunday,2/19/2017,11:04:14,Cake,3.75,0
6841,Sunday,2/19/2017,11:04:14,Pastry,3,0
6842,Sunday,2/19/2017,11:06:40,Hot chocolate,2.1,0
6842,Sunday,2/19/2017,11:06:40,Hot chocolate,2.1,0
6842,Sunday,2/19/2017,11:06:40,Coffee,1.25,0
6842,Sunday,2/19/2017,11:06:40,Bread,0.95,0
6842,Sunday,2/19/2017,11:06:40,Bread,0.95,0
6843,Sunday,2/19/2017,11:19:08,Bread,0.95,0
6844,Sunday,2/19/2017,11:28:31,Hot chocolate,2.1,0
6844,Sunday,2/19/2017,11:28:31,Brownie,3.25,0
6845,Sunday,2/19/2017,11:29:31,Coffee,1.25,0
6845,Sunday,2/19/2017,11:29:31,Cake,3.75,0
6846,Sunday,2/19/2017,11:31:02,Coffee,1.25,0
6846,Sunday,2/19/2017,11:31:02,Smoothies,4,0
6846,Sunday,2/19/2017,11:31:02,Alfajores,2.95,0
6846,Sunday,2/19/2017,11:31:02,Alfajores,2.95,0
6847,Sunday,2/19/2017,11:31:57,Juice,1.95,0
6847,Sunday,2/19/2017,11:31:57,Coffee,1.25,0
6848,Sunday,2/19/2017,11:38:09,Coffee,1.25,0
6848,Sunday,2/19/2017,11:38:09,Tea,1.5,0
6848,Sunday,2/19/2017,11:38:09,Juice,1.95,0
6849,Sunday,2/19/2017,11:44:34,Coffee,1.25,0
6849,Sunday,2/19/2017,11:44:34,Coffee,1.25,0
6849,Sunday,2/19/2017,11:44:34,Brownie,3.25,0
6850,Sunday,2/19/2017,11:46:55,Coffee,1.25,0
6850,Sunday,2/19/2017,11:46:55,Coffee,1.25,0
6850,Sunday,2/19/2017,11:46:55,Coffee,1.25,0
6850,Sunday,2/19/2017,11:46:55,Coffee,1.25,0
6850,Sunday,2/19/2017,11:46:55,Toast,1.4,0
6851,Sunday,2/19/2017,11:59:43,Bread,0.95,0
6851,Sunday,2/19/2017,11:59:43,Coffee,1.25,0
6852,Sunday,2/19/2017,12:03:14,Bread,0.95,0
6852,Sunday,2/19/2017,12:03:14,Tea,1.5,0
6852,Sunday,2/19/2017,12:03:14,Cake,3.75,0
6853,Sunday,2/19/2017,12:14:46,Coffee,1.25,0
6853,Sunday,2/19/2017,12:14:46,Coffee,1.25,0
6853,Sunday,2/19/2017,12:14:46,Scone,2.75,0
6854,Sunday,2/19/2017,12:18:54,Coffee,1.25,0
6854,Sunday,2/19/2017,12:18:54,Tea,1.5,0
6854,Sunday,2/19/2017,12:18:54,Toast,1.4,0
6855,Sunday,2/19/2017,12:25:10,Tea,1.5,0
6855,Sunday,2/19/2017,12:25:10,Tea,1.5,0
6855,Sunday,2/19/2017,12:25:10,Cake,3.75,0
6855,Sunday,2/19/2017,12:25:10,Jam,0.75,0
6856,Sunday,2/19/2017,12:36:00,Bread,0.95,0
6856,Sunday,2/19/2017,12:36:00,Bread,0.95,0
6857,Sunday,2/19/2017,12:38:58,Coffee,1.25,0
6857,Sunday,2/19/2017,12:38:58,Coffee,1.25,0
6857,Sunday,2/19/2017,12:38:58,Pastry,3,0
6858,Sunday,2/19/2017,12:48:42,Coffee,1.25,0
6858,Sunday,2/19/2017,12:48:42,Tea,1.5,0
6858,Sunday,2/19/2017,12:48:42,Alfajores,2.95,0
6858,Sunday,2/19/2017,12:48:42,Cake,3.75,0
6859,Sunday,2/19/2017,12:52:10,Bread,0.95,0
6859,Sunday,2/19/2017,12:52:10,Coffee,1.25,0
6859,Sunday,2/19/2017,12:52:10,Tea,1.5,0
6859,Sunday,2/19/2017,12:52:10,Toast,1.4,0
6860,Sunday,2/19/2017,12:53:53,Cake,3.75,0
6861,Sunday,2/19/2017,12:55:01,Tea,1.5,0
6861,Sunday,2/19/2017,12:55:01,Pastry,3,0
6861,Sunday,2/19/2017,12:55:01,Scone,2.75,0
6862,Sunday,2/19/2017,12:59:02,Bread,0.95,0
6863,Sunday,2/19/2017,12:59:46,Bread,0.95,0
6863,Sunday,2/19/2017,12:59:46,Bread,0.95,0
6863,Sunday,2/19/2017,12:59:46,Coffee,1.25,0
6863,Sunday,2/19/2017,12:59:46,Cake,3.75,0
6863,Sunday,2/19/2017,12:59:46,Alfajores,2.95,0
6865,Sunday,2/19/2017,13:25:11,Coffee,1.25,0
6866,Sunday,2/19/2017,13:39:43,Alfajores,2.95,0
6867,Sunday,2/19/2017,13:43:13,Coffee,1.25,0
6867,Sunday,2/19/2017,13:43:13,Bread,0.95,0
6868,Sunday,2/19/2017,13:43:50,Coffee,1.25,0
6869,Sunday,2/19/2017,13:49:43,Coffee,1.25,0
6869,Sunday,2/19/2017,13:49:43,Coffee,1.25,0
6869,Sunday,2/19/2017,13:49:43,Sandwich,5.5,0
6869,Sunday,2/19/2017,13:49:43,Sandwich,5.5,0
6869,Sunday,2/19/2017,13:49:43,Alfajores,2.95,0
6869,Sunday,2/19/2017,13:49:43,Alfajores,2.95,0
6870,Sunday,2/19/2017,13:52:35,Scone,2.75,0
6870,Sunday,2/19/2017,13:52:35,Coffee,1.25,0
6870,Sunday,2/19/2017,13:52:35,Coffee,1.25,0
6871,Sunday,2/19/2017,13:54:41,Bread,0.95,0
6871,Sunday,2/19/2017,13:54:41,Bread,0.95,0
6871,Sunday,2/19/2017,13:54:41,Scone,2.75,0
6871,Sunday,2/19/2017,13:54:41,Sandwich,5.5,0
6871,Sunday,2/19/2017,13:54:41,Alfajores,2.95,0
6872,Sunday,2/19/2017,13:55:27,Coffee,1.25,0
6872,Sunday,2/19/2017,13:55:27,Coffee,1.25,0
6873,Sunday,2/19/2017,13:57:06,Coffee,1.25,0
6873,Sunday,2/19/2017,13:57:06,Baguette,2.5,0
6874,Sunday,2/19/2017,13:58:27,Coffee,1.25,0
6875,Sunday,2/19/2017,14:01:45,Cake,3.75,0
6876,Sunday,2/19/2017,14:03:23,Coffee,1.25,0
6876,Sunday,2/19/2017,14:03:23,Cake,3.75,0
6877,Sunday,2/19/2017,14:04:37,Bread,0.95,0
6878,Sunday,2/19/2017,14:05:10,Sandwich,5.5,0
6878,Sunday,2/19/2017,14:05:10,Bread,0.95,0
6878,Sunday,2/19/2017,14:05:10,Cake,3.75,0
6879,Sunday,2/19/2017,14:08:42,Coffee,1.25,0
6879,Sunday,2/19/2017,14:08:42,Cake,3.75,0
6879,Sunday,2/19/2017,14:08:42,Bread,0.95,0
6879,Sunday,2/19/2017,14:08:42,Cookies,2.25,0
6881,Sunday,2/19/2017,14:23:27,Tea,1.5,0
6881,Sunday,2/19/2017,14:23:27,Bread,0.95,0
6881,Sunday,2/19/2017,14:23:27,Alfajores,2.95,0
6882,Sunday,2/19/2017,14:33:33,Cake,3.75,0
6882,Sunday,2/19/2017,14:33:33,Cake,3.75,0
6883,Sunday,2/19/2017,14:35:33,Coffee,1.25,0
6883,Sunday,2/19/2017,14:35:33,Cake,3.75,0
6883,Sunday,2/19/2017,14:35:33,Cake,3.75,0
6883,Sunday,2/19/2017,14:35:33,Tea,1.5,0
6884,Sunday,2/19/2017,14:37:19,Coffee,1.25,0
6885,Sunday,2/19/2017,14:43:20,Coffee,1.25,0
6885,Sunday,2/19/2017,14:43:20,Tea,1.5,0
6885,Sunday,2/19/2017,14:43:20,Brownie,3.25,0
6885,Sunday,2/19/2017,14:43:20,Juice,1.95,0
6886,Sunday,2/19/2017,15:27:46,Baguette,2.5,0
6887,Sunday,2/19/2017,15:41:59,Coffee,1.25,0
6887,Sunday,2/19/2017,15:41:59,Coffee,1.25,0
6887,Sunday,2/19/2017,15:41:59,Coffee,1.25,0
6887,Sunday,2/19/2017,15:41:59,Coffee,1.25,0
6887,Sunday,2/19/2017,15:41:59,Cake,3.75,0
6890,Monday,2/20/2017,08:21:13,Bread,0.855,0
6890,Monday,2/20/2017,08:21:13,Brownie,2.9250000000000003,0
6891,Monday,2/20/2017,09:27:33,Coffee,1.5,0
6892,Monday,2/20/2017,10:04:01,Coffee,1.5,0
6893,Monday,2/20/2017,10:14:10,Coffee,1.5,0
6894,Monday,2/20/2017,10:24:37,Coffee,1.5,0
6894,Monday,2/20/2017,10:24:37,Scone,2.475,0
6895,Monday,2/20/2017,10:25:27,Coffee,1.5,0
6896,Monday,2/20/2017,10:37:48,Bread,0.855,0
6897,Monday,2/20/2017,10:42:04,Fudge,2.79,0
6897,Monday,2/20/2017,10:42:04,Fudge,2.79,0
6898,Monday,2/20/2017,10:49:15,Coffee,1.5,0
6898,Monday,2/20/2017,10:49:15,Bread,0.855,0
6899,Monday,2/20/2017,10:50:16,Coffee,1.5,0
6899,Monday,2/20/2017,10:50:16,Juice,2.34,0
6899,Monday,2/20/2017,10:50:16,Bread,0.855,0
6900,Monday,2/20/2017,10:55:29,Alfajores,2.6550000000000002,0
6900,Monday,2/20/2017,10:55:29,Bread,0.855,0
6900,Monday,2/20/2017,10:55:29,Coffee,1.5,0
6900,Monday,2/20/2017,10:55:29,Coffee,1.5,0
6901,Monday,2/20/2017,10:58:32,Coffee,1.5,0
6902,Monday,2/20/2017,11:00:52,Coffee,1.5,0
6903,Monday,2/20/2017,11:23:01,Coffee,1.5,0
6904,Monday,2/20/2017,11:25:25,Pastry,2.7,0
6905,Monday,2/20/2017,11:27:32,Scone,2.475,0
6905,Monday,2/20/2017,11:27:32,Cookies,2.025,0
6905,Monday,2/20/2017,11:27:32,Hot chocolate,2.52,0
6905,Monday,2/20/2017,11:27:32,Coffee,1.5,0
6906,Monday,2/20/2017,11:46:08,Bread,0.855,0
6908,Monday,2/20/2017,11:59:57,Coffee,1.5,0
6908,Monday,2/20/2017,11:59:57,Tea,1.7999999999999998,0
6908,Monday,2/20/2017,11:59:57,Coffee,1.5,0
6908,Monday,2/20/2017,11:59:57,Pastry,2.7,0
6909,Monday,2/20/2017,12:07:51,Bread,0.855,0
6910,Monday,2/20/2017,12:11:53,Bread,0.855,0
6911,Monday,2/20/2017,12:15:36,Bread,0.855,0
6912,Monday,2/20/2017,12:16:06,Scone,2.475,0
6913,Monday,2/20/2017,12:18:26,Sandwich,4.4,0
6913,Monday,2/20/2017,12:18:26,Sandwich,4.4,0
6913,Monday,2/20/2017,12:18:26,Coffee,1.5,0
6913,Monday,2/20/2017,12:18:26,Coffee,1.5,0
6914,Monday,2/20/2017,12:22:54,Bread,0.855,0
6915,Monday,2/20/2017,12:28:42,Coffee,1.5,0
6915,Monday,2/20/2017,12:28:42,Coffee,1.5,0
6916,Monday,2/20/2017,12:35:57,Juice,2.34,0
6916,Monday,2/20/2017,12:35:57,Sandwich,4.4,0
6916,Monday,2/20/2017,12:35:57,Tea,1.7999999999999998,0
6916,Monday,2/20/2017,12:35:57,Alfajores,2.6550000000000002,0
6916,Monday,2/20/2017,12:35:57,Scone,2.475,0
6917,Monday,2/20/2017,12:40:35,Bread,0.855,0
6918,Monday,2/20/2017,12:43:02,Hot chocolate,2.52,0
6919,Monday,2/20/2017,12:59:42,Sandwich,4.4,0
6920,Monday,2/20/2017,13:12:53,Coffee,1.5,0
6920,Monday,2/20/2017,13:12:53,Cake,3.375,0
6921,Monday,2/20/2017,13:17:45,Alfajores,2.6550000000000002,0
6921,Monday,2/20/2017,13:17:45,Brownie,2.9250000000000003,0
6921,Monday,2/20/2017,13:17:45,Bread,0.855,0
6921,Monday,2/20/2017,13:17:45,Bread,0.855,0
6922,Monday,2/20/2017,13:37:37,Coffee,1.5,0
6922,Monday,2/20/2017,13:37:37,Bread,0.855,0
6923,Monday,2/20/2017,13:55:19,Smoothies,4.8,0
6923,Monday,2/20/2017,13:55:19,Coffee,1.5,0
6923,Monday,2/20/2017,13:55:19,Bread,0.855,0
6923,Monday,2/20/2017,13:55:19,Cookies,2.025,0
6924,Monday,2/20/2017,14:08:20,Toast,1.26,0
6924,Monday,2/20/2017,14:08:20,Tea,1.7999999999999998,0
6924,Monday,2/20/2017,14:08:20,Coffee,1.5,0
6925,Monday,2/20/2017,14:13:52,Bread,0.855,0
6925,Monday,2/20/2017,14:13:52,Bread,0.855,0
6925,Monday,2/20/2017,14:13:52,Scone,2.475,0
6925,Monday,2/20/2017,14:13:52,Sandwich,4.4,0
6926,Monday,2/20/2017,14:20:44,Coffee,1.5,0
6926,Monday,2/20/2017,14:20:44,Bread,0.855,0
6927,Monday,2/20/2017,15:19:32,Coffee,1.5,0
6927,Monday,2/20/2017,15:19:32,Cookies,2.025,0
6928,Monday,2/20/2017,15:36:40,Pastry,2.7,0
6929,Monday,2/20/2017,15:39:27,Coffee,1.5,0
6929,Monday,2/20/2017,15:39:27,Hot chocolate,2.52,0
6930,Monday,2/20/2017,15:39:56,Tea,1.7999999999999998,0
6930,Monday,2/20/2017,15:39:56,Bread,0.855,0
6931,Monday,2/20/2017,15:41:05,Truffles,4.95,0
6932,Monday,2/20/2017,15:43:46,Juice,2.34,0
6932,Monday,2/20/2017,15:43:46,Tea,1.7999999999999998,0
6932,Monday,2/20/2017,15:43:46,Cake,3.375,0
6933,Monday,2/20/2017,15:47:25,Bread,0.855,0
6933,Monday,2/20/2017,15:47:25,Tea,1.7999999999999998,0
6934,Monday,2/20/2017,15:48:44,Coffee,1.5,0
6934,Monday,2/20/2017,15:48:44,Cake,3.375,0
6935,Monday,2/20/2017,15:52:01,Juice,2.34,0
6936,Monday,2/20/2017,16:06:44,Bread,0.855,0
6936,Monday,2/20/2017,16:06:44,Bread,0.855,0
6936,Monday,2/20/2017,16:06:44,Bread,0.855,0
6936,Monday,2/20/2017,16:06:44,Coffee,1.5,0
6937,Monday,2/20/2017,16:19:36,Coffee,1.5,0
6938,Monday,2/20/2017,16:24:59,Coffee,1.5,0
6938,Monday,2/20/2017,16:24:59,Bread,0.855,0
6939,Monday,2/20/2017,16:26:39,Alfajores,2.6550000000000002,0
6939,Monday,2/20/2017,16:26:39,Bread,0.855,0
6940,Monday,2/20/2017,16:28:40,Cookies,2.025,0
6940,Monday,2/20/2017,16:28:40,Alfajores,2.6550000000000002,0
6940,Monday,2/20/2017,16:28:40,Pastry,2.7,0
6942,Tuesday,2/21/2017,09:18:55,Coffee,1.5,0
6942,Tuesday,2/21/2017,09:18:55,Toast,1.26,0
6943,Tuesday,2/21/2017,09:19:57,Coffee,1.5,0
6944,Tuesday,2/21/2017,09:27:44,Bread,0.855,0
6945,Tuesday,2/21/2017,09:59:40,Bread,0.855,0
6945,Tuesday,2/21/2017,09:59:40,Coffee,1.5,0
6945,Tuesday,2/21/2017,09:59:40,Pastry,2.7,0
6947,Tuesday,2/21/2017,10:29:09,Tea,1.7999999999999998,0
6948,Tuesday,2/21/2017,11:02:39,Coffee,1.5,0
6950,Tuesday,2/21/2017,11:31:47,Coffee,1.5,0
6950,Tuesday,2/21/2017,11:31:47,Bread,0.855,0
6950,Tuesday,2/21/2017,11:31:47,Pastry,2.7,0
6951,Tuesday,2/21/2017,11:34:29,Jam,0.675,0
6951,Tuesday,2/21/2017,11:34:29,Coffee,1.5,0
6951,Tuesday,2/21/2017,11:34:29,Bread,0.855,0
6951,Tuesday,2/21/2017,11:34:29,Scone,2.475,0
6952,Tuesday,2/21/2017,11:39:28,Tea,1.7999999999999998,0
6952,Tuesday,2/21/2017,11:39:28,Scone,2.475,0
6953,Tuesday,2/21/2017,12:02:06,Coffee,1.5,0
6954,Tuesday,2/21/2017,12:11:37,Tea,1.7999999999999998,0
6955,Tuesday,2/21/2017,12:13:19,Bread,0.855,0
6955,Tuesday,2/21/2017,12:13:19,Coffee,1.5,0
6956,Tuesday,2/21/2017,12:15:27,Baguette,2.25,0
6957,Tuesday,2/21/2017,12:18:07,Coffee,1.5,0
6958,Tuesday,2/21/2017,12:44:17,Coffee,1.5,0
6958,Tuesday,2/21/2017,12:44:17,Coffee,1.5,0
6958,Tuesday,2/21/2017,12:44:17,Bread,0.855,0
6958,Tuesday,2/21/2017,12:44:17,Pastry,2.7,0
6959,Tuesday,2/21/2017,12:48:04,Bread,0.855,0
6960,Tuesday,2/21/2017,12:48:41,Bread,0.855,0
6960,Tuesday,2/21/2017,12:48:41,Coffee,1.5,0
6960,Tuesday,2/21/2017,12:48:41,Coffee,1.5,0
6961,Tuesday,2/21/2017,13:00:22,Tea,1.7999999999999998,0
6961,Tuesday,2/21/2017,13:00:22,Scone,2.475,0
6962,Tuesday,2/21/2017,13:11:53,Coffee,1.5,0
6963,Tuesday,2/21/2017,13:17:57,Sandwich,4.4,0
6963,Tuesday,2/21/2017,13:17:57,Tea,1.7999999999999998,0
6964,Tuesday,2/21/2017,13:18:53,Bread,0.855,0
6965,Tuesday,2/21/2017,14:04:06,Coffee,1.5,0
6965,Tuesday,2/21/2017,14:04:06,Coffee,1.5,0
6965,Tuesday,2/21/2017,14:04:06,Tea,1.7999999999999998,0
6966,Tuesday,2/21/2017,14:23:51,Tea,1.7999999999999998,0
6966,Tuesday,2/21/2017,14:23:51,Tea,1.7999999999999998,0
6966,Tuesday,2/21/2017,14:23:51,Coffee,1.5,0
6966,Tuesday,2/21/2017,14:23:51,Coffee,1.5,0
6966,Tuesday,2/21/2017,14:23:51,Sandwich,4.4,0
6967,Tuesday,2/21/2017,14:29:37,Bread,0.855,0
6968,Tuesday,2/21/2017,14:46:38,Coffee,1.5,0
6968,Tuesday,2/21/2017,14:46:38,Pastry,2.7,0
6969,Tuesday,2/21/2017,14:57:47,Cake,3.375,0
6970,Tuesday,2/21/2017,14:59:27,Coffee,1.5,0
6970,Tuesday,2/21/2017,14:59:27,Coffee,1.5,0
6971,Tuesday,2/21/2017,15:06:17,Bread,0.855,0
6972,Tuesday,2/21/2017,15:08:46,Bread,0.855,0
6973,Tuesday,2/21/2017,15:09:29,Jam,0.675,0
6974,Tuesday,2/21/2017,15:12:10,Coffee,1.5,0
6974,Tuesday,2/21/2017,15:12:10,Cake,3.375,0
6974,Tuesday,2/21/2017,15:12:10,Toast,1.26,0
6975,Tuesday,2/21/2017,15:13:39,Coffee,1.5,0
6975,Tuesday,2/21/2017,15:13:39,Toast,1.26,0
6976,Tuesday,2/21/2017,15:27:30,Cake,3.375,0
6976,Tuesday,2/21/2017,15:27:30,Tea,1.7999999999999998,0
6977,Tuesday,2/21/2017,15:36:48,Truffles,4.95,0
6977,Tuesday,2/21/2017,15:36:48,Alfajores,2.6550000000000002,0
6977,Tuesday,2/21/2017,15:36:48,Soup,3.4000000000000004,0
6978,Tuesday,2/21/2017,15:48:24,Cake,3.375,0
6978,Tuesday,2/21/2017,15:48:24,Alfajores,2.6550000000000002,0
6979,Tuesday,2/21/2017,16:02:34,Coffee,1.5,0
6979,Tuesday,2/21/2017,16:02:34,Cookies,2.025,0
6979,Tuesday,2/21/2017,16:02:34,Tea,1.7999999999999998,0
6979,Tuesday,2/21/2017,16:02:34,Alfajores,2.6550000000000002,0
6980,Tuesday,2/21/2017,16:07:01,Coffee,1.5,0
6980,Tuesday,2/21/2017,16:07:01,Toast,1.26,0
6980,Tuesday,2/21/2017,16:07:01,Coffee,1.5,0
6980,Tuesday,2/21/2017,16:07:01,Cookies,2.025,0
6981,Tuesday,2/21/2017,16:24:10,Coffee,1.5,0
6981,Tuesday,2/21/2017,16:24:10,Tea,1.7999999999999998,0
6981,Tuesday,2/21/2017,16:24:10,Scone,2.475,0
6982,Tuesday,2/21/2017,16:41:42,Cookies,2.025,0
6984,Tuesday,2/21/2017,17:03:16,Tea,1.7999999999999998,0
6984,Tuesday,2/21/2017,17:03:16,Chicken Stew,4.2,0
6985,Tuesday,2/21/2017,17:04:24,Coffee,1.5,0
6985,Tuesday,2/21/2017,17:04:24,Cookies,2.025,0
6986,Wednesday,2/22/2017,08:44:52,Bread,0.855,0.12
6987,Wednesday,2/22/2017,08:55:01,Bread,0.855,0.12
6988,Wednesday,2/22/2017,09:10:39,Coffee,1.5,0.12
6988,Wednesday,2/22/2017,09:10:39,Pastry,2.7,0.12
6988,Wednesday,2/22/2017,09:10:39,Cake,3.375,0.12
6989,Wednesday,2/22/2017,09:25:10,Bread,0.855,0.12
6990,Wednesday,2/22/2017,09:31:14,Coffee,1.5,0.12
6991,Wednesday,2/22/2017,09:46:33,Alfajores,2.6550000000000002,0.12
6991,Wednesday,2/22/2017,09:46:33,Alfajores,2.6550000000000002,0.12
6992,Wednesday,2/22/2017,10:05:24,Alfajores,2.6550000000000002,0.12
6992,Wednesday,2/22/2017,10:05:24,Alfajores,2.6550000000000002,0.12
6993,Wednesday,2/22/2017,10:32:58,Coffee,1.5,0.12
6993,Wednesday,2/22/2017,10:32:58,Coffee,1.5,0.12
6993,Wednesday,2/22/2017,10:32:58,Pastry,2.7,0.12
6994,Wednesday,2/22/2017,10:39:33,Cake,3.375,0.12
6994,Wednesday,2/22/2017,10:39:33,Coffee,1.5,0.12
6995,Wednesday,2/22/2017,10:39:59,Coffee,1.5,0.12
6996,Wednesday,2/22/2017,11:30:17,Bread,0.855,0.12
6997,Wednesday,2/22/2017,11:32:34,Bread,0.855,0.12
6997,Wednesday,2/22/2017,11:32:34,Coffee,1.5,0.12
6997,Wednesday,2/22/2017,11:32:34,Hot chocolate,2.52,0.12
6998,Wednesday,2/22/2017,11:47:18,Coffee,1.5,0.12
6998,Wednesday,2/22/2017,11:47:18,Bread,0.855,0.12
6998,Wednesday,2/22/2017,11:47:18,Pastry,2.7,0.12
6999,Wednesday,2/22/2017,11:50:53,Toast,1.26,0.12
7000,Wednesday,2/22/2017,11:54:20,Coffee,1.5,0.12
7001,Wednesday,2/22/2017,11:58:57,Bread,0.855,0.12
7001,Wednesday,2/22/2017,11:58:57,Tea,1.7999999999999998,0.12
7002,Wednesday,2/22/2017,12:11:04,Coffee,1.5,0.12
7002,Wednesday,2/22/2017,12:11:04,Coffee,1.5,0.12
7002,Wednesday,2/22/2017,12:11:04,Pastry,2.7,0.12
7002,Wednesday,2/22/2017,12:11:04,Pastry,2.7,0.12
7003,Wednesday,2/22/2017,12:11:48,Coffee,1.5,0.12
7003,Wednesday,2/22/2017,12:11:48,Coffee,1.5,0.12
7005,Wednesday,2/22/2017,12:22:56,Tea,1.7999999999999998,0.12
7005,Wednesday,2/22/2017,12:22:56,Toast,1.26,0.12
7006,Wednesday,2/22/2017,12:24:03,Bread,0.855,0.12
7007,Wednesday,2/22/2017,12:55:17,Scone,2.475,0.12
7007,Wednesday,2/22/2017,12:55:17,Bread,0.855,0.12
7007,Wednesday,2/22/2017,12:55:17,Baguette,2.25,0.12
7008,Wednesday,2/22/2017,13:12:36,Sandwich,4.4,0.12
7008,Wednesday,2/22/2017,13:12:36,Bread,0.855,0.12
7008,Wednesday,2/22/2017,13:12:36,Alfajores,2.6550000000000002,0.12
7008,Wednesday,2/22/2017,13:12:36,Fudge,2.79,0.12
7009,Wednesday,2/22/2017,13:16:00,Coffee,1.5,0.12
7009,Wednesday,2/22/2017,13:16:00,Sandwich,4.4,0.12
7010,Wednesday,2/22/2017,13:17:03,Tea,1.7999999999999998,0.12
7011,Wednesday,2/22/2017,13:20:41,Coffee,1.5,0.12
7011,Wednesday,2/22/2017,13:20:41,Pastry,2.7,0.12
7011,Wednesday,2/22/2017,13:20:41,Bread,0.855,0.12
7012,Wednesday,2/22/2017,14:11:57,Truffles,4.95,0.12
7012,Wednesday,2/22/2017,14:11:57,Coffee,1.5,0.12
7012,Wednesday,2/22/2017,14:11:57,Sandwich,4.4,0.12
7012,Wednesday,2/22/2017,14:11:57,Sandwich,4.4,0.12
7013,Wednesday,2/22/2017,14:26:14,Coffee,1.5,0.12
7014,Wednesday,2/22/2017,14:33:24,Tea,1.7999999999999998,0.12
7014,Wednesday,2/22/2017,14:33:24,Pastry,2.7,0.12
7014,Wednesday,2/22/2017,14:33:24,Brownie,2.9250000000000003,0.12
7014,Wednesday,2/22/2017,14:33:24,Scone,2.475,0.12
7014,Wednesday,2/22/2017,14:33:24,Alfajores,2.6550000000000002,0.12
7015,Wednesday,2/22/2017,14:50:58,Tea,1.7999999999999998,0.12
7015,Wednesday,2/22/2017,14:50:58,Bread,0.855,0.12
7016,Wednesday,2/22/2017,14:51:18,Bread,0.855,0.12
7016,Wednesday,2/22/2017,14:51:18,Tea,1.7999999999999998,0.12
7017,Wednesday,2/22/2017,14:52:16,Bread,0.855,0.12
7018,Wednesday,2/22/2017,14:53:41,Tea,1.7999999999999998,0.12
7018,Wednesday,2/22/2017,14:53:41,Tea,1.7999999999999998,0.12
7018,Wednesday,2/22/2017,14:53:41,Tea,1.7999999999999998,0.12
7018,Wednesday,2/22/2017,14:53:41,Brownie,2.9250000000000003,0.12
7018,Wednesday,2/22/2017,14:53:41,Bread,0.855,0.12
7019,Wednesday,2/22/2017,15:06:27,Bread,0.855,0.12
7019,Wednesday,2/22/2017,15:06:27,Bread,0.855,0.12
7019,Wednesday,2/22/2017,15:06:27,Chicken Stew,4.2,0.12
7019,Wednesday,2/22/2017,15:06:27,Sandwich,4.4,0.12
7020,Wednesday,2/22/2017,15:08:27,Coffee,1.5,0.12
7021,Wednesday,2/22/2017,15:15:07,Coffee,1.5,0.12
7021,Wednesday,2/22/2017,15:15:07,Sandwich,4.4,0.12
7022,Wednesday,2/22/2017,15:20:06,Bread,0.855,0.12
7022,Wednesday,2/22/2017,15:20:06,Scone,2.475,0.12
7023,Wednesday,2/22/2017,15:26:25,Soup,3.4000000000000004,0.12
7023,Wednesday,2/22/2017,15:26:25,Sandwich,4.4,0.12
7023,Wednesday,2/22/2017,15:26:25,Coffee,1.5,0.12
7023,Wednesday,2/22/2017,15:26:25,Tea,1.7999999999999998,0.12
7023,Wednesday,2/22/2017,15:26:25,Cake,3.375,0.12
7026,Wednesday,2/22/2017,15:40:58,Tea,1.7999999999999998,0.12
7026,Wednesday,2/22/2017,15:40:58,Coffee,1.5,0.12
7026,Wednesday,2/22/2017,15:40:58,Scone,2.475,0.12
7027,Wednesday,2/22/2017,15:56:27,Smoothies,4.8,0.12
7027,Wednesday,2/22/2017,15:56:27,Coffee,1.5,0.12
7027,Wednesday,2/22/2017,15:56:27,Coffee,1.5,0.12
7027,Wednesday,2/22/2017,15:56:27,Cake,3.375,0.12
7028,Wednesday,2/22/2017,16:12:23,Coffee,1.5,0.12
7028,Wednesday,2/22/2017,16:12:23,Coffee,1.5,0.12
7028,Wednesday,2/22/2017,16:12:23,Coffee,1.5,0.12
7028,Wednesday,2/22/2017,16:12:23,Sandwich,4.4,0.12
7028,Wednesday,2/22/2017,16:12:23,Sandwich,4.4,0.12
7029,Wednesday,2/22/2017,16:21:55,Brownie,2.9250000000000003,0.12
7030,Wednesday,2/22/2017,16:59:36,Coffee,1.5,0.12
7030,Wednesday,2/22/2017,16:59:36,Cake,3.375,0.12
7031,Wednesday,2/22/2017,17:07:06,Alfajores,2.6550000000000002,0.12
7031,Wednesday,2/22/2017,17:07:06,Cookies,2.025,0.12
7031,Wednesday,2/22/2017,17:07:06,Cake,3.375,0.12
7031,Wednesday,2/22/2017,17:07:06,Bread,0.855,0.12
7032,Wednesday,2/22/2017,17:41:14,Coffee,1.5,0.12
7032,Wednesday,2/22/2017,17:41:14,Juice,2.34,0.12
7033,Thursday,2/23/2017,08:56:20,Bread,0.855,0.01
7034,Thursday,2/23/2017,09:07:58,Bread,0.855,0.01
7034,Thursday,2/23/2017,09:07:58,Brownie,2.9250000000000003,0.01
7034,Thursday,2/23/2017,09:07:58,Coffee,1.5,0.01
7035,Thursday,2/23/2017,09:13:46,Cake,3.375,0.01
7036,Thursday,2/23/2017,09:15:33,Brownie,2.9250000000000003,0.01
7036,Thursday,2/23/2017,09:15:33,Coffee,1.5,0.01
7036,Thursday,2/23/2017,09:15:33,Coffee,1.5,0.01
7036,Thursday,2/23/2017,09:15:33,Bread,0.855,0.01
7037,Thursday,2/23/2017,09:33:18,Brownie,2.9250000000000003,0.01
7037,Thursday,2/23/2017,09:33:18,Coffee,1.5,0.01
7038,Thursday,2/23/2017,09:43:49,Coffee,1.5,0.01
7038,Thursday,2/23/2017,09:43:49,Bread,0.855,0.01
7039,Thursday,2/23/2017,09:51:53,Hot chocolate,2.52,0.01
7040,Thursday,2/23/2017,09:52:18,Coffee,1.5,0.01
7040,Thursday,2/23/2017,09:52:18,Coffee,1.5,0.01
7041,Thursday,2/23/2017,10:00:28,Coffee,1.5,0.01
7041,Thursday,2/23/2017,10:00:28,Coffee,1.5,0.01
7042,Thursday,2/23/2017,10:47:24,Bread,0.855,0.01
7043,Thursday,2/23/2017,10:57:26,Hot chocolate,2.52,0.01
7043,Thursday,2/23/2017,10:57:26,Coffee,1.5,0.01
7043,Thursday,2/23/2017,10:57:26,Toast,1.26,0.01
7043,Thursday,2/23/2017,10:57:26,Bread,0.855,0.01
7044,Thursday,2/23/2017,11:03:22,Coffee,1.5,0.01
7045,Thursday,2/23/2017,11:22:42,Coffee,1.5,0.01
7046,Thursday,2/23/2017,11:23:57,Muffin,2.3400000000000003,0.01
7046,Thursday,2/23/2017,11:23:57,Cookies,2.025,0.01
7046,Thursday,2/23/2017,11:23:57,Hot chocolate,2.52,0.01
7046,Thursday,2/23/2017,11:23:57,Juice,2.34,0.01
7047,Thursday,2/23/2017,11:24:39,Coffee,1.5,0.01
7047,Thursday,2/23/2017,11:24:39,Juice,2.34,0.01
7047,Thursday,2/23/2017,11:24:39,Cookies,2.025,0.01
7047,Thursday,2/23/2017,11:24:39,Bread,0.855,0.01
7048,Thursday,2/23/2017,11:35:56,Coffee,1.5,0.01
7048,Thursday,2/23/2017,11:35:56,Coffee,1.5,0.01
7048,Thursday,2/23/2017,11:35:56,Coffee,1.5,0.01
7048,Thursday,2/23/2017,11:35:56,Toast,1.26,0.01
7048,Thursday,2/23/2017,11:35:56,Sandwich,4.4,0.01
7049,Thursday,2/23/2017,11:55:04,Baguette,2.25,0.01
7050,Thursday,2/23/2017,12:15:36,Juice,2.34,0.01
7050,Thursday,2/23/2017,12:15:36,Baguette,2.25,0.01
7051,Thursday,2/23/2017,12:31:45,Chicken Stew,4.2,0.01
7051,Thursday,2/23/2017,12:31:45,Coffee,1.5,0.01
7052,Thursday,2/23/2017,12:46:01,Bread,0.855,0.01
7053,Thursday,2/23/2017,12:50:56,Coffee,1.5,0.01
7054,Thursday,2/23/2017,13:06:58,Sandwich,4.4,0.01
7055,Thursday,2/23/2017,13:11:08,Cake,3.375,0.01
7055,Thursday,2/23/2017,13:11:08,Brownie,2.9250000000000003,0.01
7055,Thursday,2/23/2017,13:11:08,Tea,1.7999999999999998,0.01
7055,Thursday,2/23/2017,13:11:08,Soup,3.4000000000000004,0.01
7056,Thursday,2/23/2017,13:17:13,Tea,1.7999999999999998,0.01
7056,Thursday,2/23/2017,13:17:13,Scone,2.475,0.01
7057,Thursday,2/23/2017,13:17:56,Scone,2.475,0.01
7057,Thursday,2/23/2017,13:17:56,Tea,1.7999999999999998,0.01
7058,Thursday,2/23/2017,13:26:37,Coffee,1.5,0.01
7058,Thursday,2/23/2017,13:26:37,Tea,1.7999999999999998,0.01
7058,Thursday,2/23/2017,13:26:37,Cake,3.375,0.01
7059,Thursday,2/23/2017,13:38:10,Chicken Stew,4.2,0.01
7060,Thursday,2/23/2017,13:46:36,Coffee,1.5,0.01
7060,Thursday,2/23/2017,13:46:36,Alfajores,2.6550000000000002,0.01
7061,Thursday,2/23/2017,14:08:20,Bread,0.855,0.01
7062,Thursday,2/23/2017,14:21:03,Coffee,1.5,0.01
7063,Thursday,2/23/2017,15:02:29,Soup,3.4000000000000004,0.01
7063,Thursday,2/23/2017,15:02:29,Soup,3.4000000000000004,0.01
7064,Thursday,2/23/2017,15:25:45,Muffin,2.3400000000000003,0.01
7065,Thursday,2/23/2017,15:27:31,Coffee,1.5,0.01
7066,Thursday,2/23/2017,15:35:21,Bread,0.855,0.01
7067,Thursday,2/23/2017,15:41:11,Cake,3.375,0.01
7067,Thursday,2/23/2017,15:41:11,Cookies,2.025,0.01
7068,Thursday,2/23/2017,15:49:38,Tea,1.7999999999999998,0.01
7069,Thursday,2/23/2017,15:50:40,Coffee,1.5,0.01
7069,Thursday,2/23/2017,15:50:40,Hot chocolate,2.52,0.01
7070,Thursday,2/23/2017,15:57:45,Coffee,1.5,0.01
7070,Thursday,2/23/2017,15:57:45,Juice,2.34,0.01
7070,Thursday,2/23/2017,15:57:45,Coffee,1.5,0.01
7070,Thursday,2/23/2017,15:57:45,Muffin,2.3400000000000003,0.01
7070,Thursday,2/23/2017,15:57:45,Cake,3.375,0.01
7070,Thursday,2/23/2017,15:57:45,Bread,0.855,0.01
7071,Thursday,2/23/2017,16:08:25,Coffee,1.5,0.01
7072,Thursday,2/23/2017,16:17:16,Hot chocolate,2.52,0.01
7072,Thursday,2/23/2017,16:17:16,Hot chocolate,2.52,0.01
7072,Thursday,2/23/2017,16:17:16,Coffee,1.5,0.01
7072,Thursday,2/23/2017,16:17:16,Muffin,2.3400000000000003,0.01
7072,Thursday,2/23/2017,16:17:16,Alfajores,2.6550000000000002,0.01
7073,Thursday,2/23/2017,16:32:01,Bread,0.855,0.01
7073,Thursday,2/23/2017,16:32:01,Bread,0.855,0.01
7074,Thursday,2/23/2017,16:36:34,Tea,1.7999999999999998,0.01
7075,Thursday,2/23/2017,17:14:02,Coffee,1.5,0.01
7075,Thursday,2/23/2017,17:14:02,Coffee,1.5,0.01
7075,Thursday,2/23/2017,17:14:02,Muffin,2.3400000000000003,0.01
7075,Thursday,2/23/2017,17:14:02,Sandwich,4.4,0.01
7075,Thursday,2/23/2017,17:14:02,Sandwich,4.4,0.01
7076,Thursday,2/23/2017,17:14:35,Jam,0.675,0.01
7077,Friday,2/24/2017,08:20:53,Toast,1.26,0
7078,Friday,2/24/2017,08:28:03,Brownie,2.9250000000000003,0
7079,Friday,2/24/2017,09:00:42,Coffee,1.5,0
7079,Friday,2/24/2017,09:00:42,Pastry,2.7,0
7080,Friday,2/24/2017,09:20:10,Bread,0.855,0
7081,Friday,2/24/2017,09:26:44,Bread,0.855,0
7082,Friday,2/24/2017,09:40:02,Baguette,2.25,0
7083,Friday,2/24/2017,09:42:40,Coffee,1.5,0
7084,Friday,2/24/2017,09:43:52,Coffee,1.5,0
7084,Friday,2/24/2017,09:43:52,Coffee,1.5,0
7084,Friday,2/24/2017,09:43:52,Juice,2.34,0
7084,Friday,2/24/2017,09:43:52,Scone,2.475,0
7084,Friday,2/24/2017,09:43:52,Cookies,2.025,0
7085,Friday,2/24/2017,10:09:46,Toast,1.26,0
7085,Friday,2/24/2017,10:09:46,Coffee,1.5,0
7085,Friday,2/24/2017,10:09:46,Coffee,1.5,0
7085,Friday,2/24/2017,10:09:46,Coffee,1.5,0
7086,Friday,2/24/2017,10:16:12,Coffee,1.5,0
7086,Friday,2/24/2017,10:16:12,Coffee,1.5,0
7087,Friday,2/24/2017,10:33:24,Tea,1.7999999999999998,0
7089,Friday,2/24/2017,10:35:49,Tea,1.7999999999999998,0
7090,Friday,2/24/2017,10:39:10,Coffee,1.5,0
7090,Friday,2/24/2017,10:39:10,Coffee,1.5,0
7090,Friday,2/24/2017,10:39:10,Coffee,1.5,0
7091,Friday,2/24/2017,10:46:10,Brownie,2.9250000000000003,0
7091,Friday,2/24/2017,10:46:10,Cake,3.375,0
7091,Friday,2/24/2017,10:46:10,Tea,1.7999999999999998,0
7092,Friday,2/24/2017,10:49:24,Coffee,1.5,0
7092,Friday,2/24/2017,10:49:24,Cookies,2.025,0
7092,Friday,2/24/2017,10:49:24,Bread,0.855,0
7093,Friday,2/24/2017,10:51:32,Pastry,2.7,0
7094,Friday,2/24/2017,11:12:11,Sandwich,4.4,0
7094,Friday,2/24/2017,11:12:11,Toast,1.26,0
7094,Friday,2/24/2017,11:12:11,Tea,1.7999999999999998,0
7094,Friday,2/24/2017,11:12:11,Tea,1.7999999999999998,0
7095,Friday,2/24/2017,11:17:43,Bread,0.855,0
7095,Friday,2/24/2017,11:17:43,Toast,1.26,0
7097,Friday,2/24/2017,11:38:56,Coffee,1.5,0
7097,Friday,2/24/2017,11:38:56,Toast,1.26,0
7098,Friday,2/24/2017,11:44:17,Bread,0.855,0
7099,Friday,2/24/2017,11:56:24,Coffee,1.5,0
7099,Friday,2/24/2017,11:56:24,Alfajores,2.6550000000000002,0
7099,Friday,2/24/2017,11:56:24,Muffin,2.3400000000000003,0
7099,Friday,2/24/2017,11:56:24,Coffee,1.5,0
7100,Friday,2/24/2017,12:29:26,Bread,0.855,0
7100,Friday,2/24/2017,12:29:26,Coffee,1.5,0
7101,Friday,2/24/2017,12:33:07,Sandwich,4.4,0
7101,Friday,2/24/2017,12:33:07,Bread,0.855,0
7102,Friday,2/24/2017,12:33:31,Tea,1.7999999999999998,0
7103,Friday,2/24/2017,12:39:55,Bread,0.855,0
7104,Friday,2/24/2017,12:40:35,Bread,0.855,0
7105,Friday,2/24/2017,12:43:20,Bread,0.855,0
7105,Friday,2/24/2017,12:43:20,Bread,0.855,0
7105,Friday,2/24/2017,12:43:20,Coffee,1.5,0
7105,Friday,2/24/2017,12:43:20,Coffee,1.5,0
7105,Friday,2/24/2017,12:43:20,Coffee,1.5,0
7105,Friday,2/24/2017,12:43:20,Sandwich,4.4,0
7106,Friday,2/24/2017,12:45:47,Coffee,1.5,0
7106,Friday,2/24/2017,12:45:47,Soup,3.4000000000000004,0
7106,Friday,2/24/2017,12:45:47,Sandwich,4.4,0
7106,Friday,2/24/2017,12:45:47,Cake,3.375,0
7107,Friday,2/24/2017,12:48:41,Tea,1.7999999999999998,0
7107,Friday,2/24/2017,12:48:41,Coffee,1.5,0
7107,Friday,2/24/2017,12:48:41,Sandwich,4.4,0
7107,Friday,2/24/2017,12:48:41,Muffin,2.3400000000000003,0
7108,Friday,2/24/2017,12:49:45,Cake,3.375,0
7108,Friday,2/24/2017,12:49:45,Tea,1.7999999999999998,0
7108,Friday,2/24/2017,12:49:45,Coffee,1.5,0
7109,Friday,2/24/2017,12:54:37,Soup,3.4000000000000004,0
7109,Friday,2/24/2017,12:54:37,Soup,3.4000000000000004,0
7109,Friday,2/24/2017,12:54:37,Coffee,1.5,0
7109,Friday,2/24/2017,12:54:37,Coffee,1.5,0
7110,Friday,2/24/2017,13:07:19,Bread,0.855,0
7111,Friday,2/24/2017,13:25:48,Cake,3.375,0
7111,Friday,2/24/2017,13:25:48,Bread,0.855,0
7112,Friday,2/24/2017,13:27:31,Coffee,1.5,0
7112,Friday,2/24/2017,13:27:31,Coffee,1.5,0
7112,Friday,2/24/2017,13:27:31,Brownie,2.9250000000000003,0
7113,Friday,2/24/2017,13:31:12,Jam,0.675,0
7114,Friday,2/24/2017,13:43:46,Brownie,2.9250000000000003,0
7114,Friday,2/24/2017,13:43:46,Cake,3.375,0
7115,Friday,2/24/2017,13:48:36,Coffee,1.5,0
7115,Friday,2/24/2017,13:48:36,Cake,3.375,0
7115,Friday,2/24/2017,13:48:36,Muffin,2.3400000000000003,0
7115,Friday,2/24/2017,13:48:36,Toast,1.26,0
7115,Friday,2/24/2017,13:48:36,Coffee,1.5,0
7116,Friday,2/24/2017,14:00:01,Tea,1.7999999999999998,0
7116,Friday,2/24/2017,14:00:01,Tea,1.7999999999999998,0
7117,Friday,2/24/2017,14:06:17,Tea,1.7999999999999998,0
7117,Friday,2/24/2017,14:06:17,Scone,2.475,0
7117,Friday,2/24/2017,14:06:17,Coffee,1.5,0
7118,Friday,2/24/2017,14:17:45,Bread,0.855,0
7118,Friday,2/24/2017,14:17:45,Bread,0.855,0
7120,Friday,2/24/2017,14:20:18,Alfajores,2.6550000000000002,0
7120,Friday,2/24/2017,14:20:18,Scone,2.475,0
7120,Friday,2/24/2017,14:20:18,Bread,0.855,0
7121,Friday,2/24/2017,14:35:01,Bread,0.855,0
7121,Friday,2/24/2017,14:35:01,Smoothies,4.8,0
7121,Friday,2/24/2017,14:35:01,Chicken Stew,4.2,0
7122,Friday,2/24/2017,14:36:20,Soup,3.4000000000000004,0
7122,Friday,2/24/2017,14:36:20,Soup,3.4000000000000004,0
7123,Friday,2/24/2017,14:41:48,Sandwich,4.4,0
7123,Friday,2/24/2017,14:41:48,Bread,0.855,0
7124,Friday,2/24/2017,14:54:01,Tea,1.7999999999999998,0
7125,Friday,2/24/2017,15:12:00,Bread,0.855,0
7127,Friday,2/24/2017,15:22:52,Coffee,1.5,0
7127,Friday,2/24/2017,15:22:52,Coffee,1.5,0
7128,Friday,2/24/2017,15:24:56,Coffee,1.5,0
7128,Friday,2/24/2017,15:24:56,Brownie,2.9250000000000003,0
7129,Friday,2/24/2017,16:12:58,Coffee,1.5,0
7129,Friday,2/24/2017,16:12:58,Truffles,4.95,0
7130,Friday,2/24/2017,16:19:16,Sandwich,4.4,0
7130,Friday,2/24/2017,16:19:16,Sandwich,4.4,0
7130,Friday,2/24/2017,16:19:16,Bread,0.855,0
7130,Friday,2/24/2017,16:19:16,Coffee,1.5,0
7131,Friday,2/24/2017,16:23:48,Bread,0.855,0
7132,Friday,2/24/2017,16:25:30,Bread,0.855,0
7132,Friday,2/24/2017,16:25:30,Coffee,1.5,0
7133,Friday,2/24/2017,16:49:59,Alfajores,2.6550000000000002,0
7133,Friday,2/24/2017,16:49:59,Coffee,1.5,0
7133,Friday,2/24/2017,16:49:59,Hot chocolate,2.52,0
7133,Friday,2/24/2017,16:49:59,Cookies,2.025,0
7133,Friday,2/24/2017,16:49:59,Cookies,2.025,0
7135,Friday,2/24/2017,16:52:42,Tea,1.7999999999999998,0
7135,Friday,2/24/2017,16:52:42,Bread,0.855,0
7135,Friday,2/24/2017,16:52:42,Brownie,2.9250000000000003,0
7136,Friday,2/24/2017,17:22:26,Coffee,1.5,0
7136,Friday,2/24/2017,17:22:26,Alfajores,2.6550000000000002,0
7136,Friday,2/24/2017,17:22:26,Tea,1.7999999999999998,0
7137,Saturday,2/25/2017,08:04:48,Coffee,1.5,0
7137,Saturday,2/25/2017,08:04:48,Bread,0.855,0
7137,Saturday,2/25/2017,08:04:48,Pastry,2.7,0
7139,Saturday,2/25/2017,08:45:07,Bread,0.855,0
7139,Saturday,2/25/2017,08:45:07,Coffee,1.5,0
7140,Saturday,2/25/2017,08:59:44,Bread,0.855,0
7141,Saturday,2/25/2017,09:00:36,Coffee,1.5,0
7141,Saturday,2/25/2017,09:00:36,Toast,1.26,0
7142,Saturday,2/25/2017,09:04:12,Cake,3.375,0
7142,Saturday,2/25/2017,09:04:12,Muffin,2.3400000000000003,0
7142,Saturday,2/25/2017,09:04:12,Muffin,2.3400000000000003,0
7142,Saturday,2/25/2017,09:04:12,Muffin,2.3400000000000003,0
7143,Saturday,2/25/2017,09:05:06,Bread,0.855,0
7144,Saturday,2/25/2017,09:16:22,Bread,0.855,0
7146,Saturday,2/25/2017,09:33:19,Bread,0.855,0
7146,Saturday,2/25/2017,09:33:19,Bread,0.855,0
7146,Saturday,2/25/2017,09:33:19,Pastry,2.7,0
7147,Saturday,2/25/2017,09:41:43,Bread,0.855,0
7147,Saturday,2/25/2017,09:41:43,Bread,0.855,0
7148,Saturday,2/25/2017,09:43:06,Bread,0.855,0
7149,Saturday,2/25/2017,09:46:10,Baguette,2.25,0
7150,Saturday,2/25/2017,09:54:13,Cookies,2.025,0
7150,Saturday,2/25/2017,09:54:13,Bread,0.855,0
7151,Saturday,2/25/2017,09:57:30,Coffee,1.5,0
7151,Saturday,2/25/2017,09:57:30,Coffee,1.5,0
7151,Saturday,2/25/2017,09:57:30,Cake,3.375,0
7151,Saturday,2/25/2017,09:57:30,Cake,3.375,0
7152,Saturday,2/25/2017,10:08:59,Bread,0.855,0
7153,Saturday,2/25/2017,10:10:13,Pastry,2.7,0
7153,Saturday,2/25/2017,10:10:13,Coffee,1.5,0
7153,Saturday,2/25/2017,10:10:13,Bread,0.855,0
7154,Saturday,2/25/2017,10:11:52,Pastry,2.7,0
7154,Saturday,2/25/2017,10:11:52,Pastry,2.7,0
7154,Saturday,2/25/2017,10:11:52,Coffee,1.5,0
7155,Saturday,2/25/2017,10:18:02,Scone,2.475,0
7156,Saturday,2/25/2017,10:25:02,Toast,1.26,0
7156,Saturday,2/25/2017,10:25:02,Coffee,1.5,0
7157,Saturday,2/25/2017,10:34:28,Bread,0.855,0
7157,Saturday,2/25/2017,10:34:28,Scone,2.475,0
7158,Saturday,2/25/2017,10:37:15,Bread,0.855,0
7158,Saturday,2/25/2017,10:37:15,Pastry,2.7,0
7160,Saturday,2/25/2017,10:46:22,Tea,1.7999999999999998,0
7160,Saturday,2/25/2017,10:46:22,Bread,0.855,0
7160,Saturday,2/25/2017,10:46:22,Alfajores,2.6550000000000002,0
7160,Saturday,2/25/2017,10:46:22,Bread,0.855,0
7160,Saturday,2/25/2017,10:46:22,Jam,0.675,0
7161,Saturday,2/25/2017,10:47:23,Coffee,1.5,0
7161,Saturday,2/25/2017,10:47:23,Brownie,2.9250000000000003,0
7161,Saturday,2/25/2017,10:47:23,Coffee,1.5,0
7162,Saturday,2/25/2017,10:51:02,Tea,1.7999999999999998,0
7163,Saturday,2/25/2017,10:55:13,Cookies,2.025,0
7163,Saturday,2/25/2017,10:55:13,Juice,2.34,0
7163,Saturday,2/25/2017,10:55:13,Coffee,1.5,0
7163,Saturday,2/25/2017,10:55:13,Coffee,1.5,0
7165,Saturday,2/25/2017,11:38:14,Coffee,1.5,0
7165,Saturday,2/25/2017,11:38:14,Coffee,1.5,0
7165,Saturday,2/25/2017,11:38:14,Cookies,2.025,0
7166,Saturday,2/25/2017,11:40:38,Coffee,1.5,0
7166,Saturday,2/25/2017,11:40:38,Coffee,1.5,0
7166,Saturday,2/25/2017,11:40:38,Pastry,2.7,0
7166,Saturday,2/25/2017,11:40:38,Pastry,2.7,0
7167,Saturday,2/25/2017,11:41:10,Coffee,1.5,0
7167,Saturday,2/25/2017,11:41:10,Coffee,1.5,0
7170,Saturday,2/25/2017,11:55:43,Coffee,1.5,0
7170,Saturday,2/25/2017,11:55:43,Coffee,1.5,0
7170,Saturday,2/25/2017,11:55:43,Coffee,1.5,0
7171,Saturday,2/25/2017,11:58:51,Tea,1.7999999999999998,0
7171,Saturday,2/25/2017,11:58:51,Coffee,1.5,0
7171,Saturday,2/25/2017,11:58:51,Coffee,1.5,0
7172,Saturday,2/25/2017,11:59:30,Bread,0.855,0
7172,Saturday,2/25/2017,11:59:30,Coffee,1.5,0
7172,Saturday,2/25/2017,11:59:30,Coffee,1.5,0
7174,Saturday,2/25/2017,12:06:14,Alfajores,2.6550000000000002,0
7174,Saturday,2/25/2017,12:06:14,Brownie,2.9250000000000003,0
7174,Saturday,2/25/2017,12:06:14,Bread,0.855,0
7174,Saturday,2/25/2017,12:06:14,Baguette,2.25,0
7175,Saturday,2/25/2017,12:08:54,Coffee,1.5,0
7175,Saturday,2/25/2017,12:08:54,Cake,3.375,0
7175,Saturday,2/25/2017,12:08:54,Alfajores,2.6550000000000002,0
7175,Saturday,2/25/2017,12:08:54,Tea,1.7999999999999998,0
7175,Saturday,2/25/2017,12:08:54,Tea,1.7999999999999998,0
7176,Saturday,2/25/2017,12:09:50,Coffee,1.5,0
7176,Saturday,2/25/2017,12:09:50,Cake,3.375,0
7177,Saturday,2/25/2017,12:17:51,Chicken Stew,4.2,0
7177,Saturday,2/25/2017,12:17:51,Cake,3.375,0
7177,Saturday,2/25/2017,12:17:51,Coffee,1.5,0
7177,Saturday,2/25/2017,12:17:51,Coffee,1.5,0
7178,Saturday,2/25/2017,12:22:52,Hot chocolate,2.52,0
7178,Saturday,2/25/2017,12:22:52,Brownie,2.9250000000000003,0
7179,Saturday,2/25/2017,12:30:55,Coffee,1.5,0
7180,Saturday,2/25/2017,12:32:47,Coffee,1.5,0
7181,Saturday,2/25/2017,12:55:37,Coffee,1.5,0
7182,Saturday,2/25/2017,13:06:36,Coffee,1.5,0
7183,Saturday,2/25/2017,13:26:00,Coffee,1.5,0
7184,Saturday,2/25/2017,13:28:12,Coffee,1.5,0
7185,Saturday,2/25/2017,14:05:36,Bread,0.855,0
7186,Saturday,2/25/2017,14:07:03,Soup,3.4000000000000004,0
7186,Saturday,2/25/2017,14:07:03,Cake,3.375,0
7187,Saturday,2/25/2017,14:11:41,Tea,1.7999999999999998,0
7188,Saturday,2/25/2017,14:12:06,Bread,0.855,0
7188,Saturday,2/25/2017,14:12:06,Soup,3.4000000000000004,0
7189,Saturday,2/25/2017,14:12:38,Coffee,1.5,0
7189,Saturday,2/25/2017,14:12:38,Sandwich,4.4,0
7190,Saturday,2/25/2017,14:13:29,Sandwich,4.4,0
7190,Saturday,2/25/2017,14:13:29,Tea,1.7999999999999998,0
7191,Saturday,2/25/2017,14:15:09,Coffee,1.5,0
7191,Saturday,2/25/2017,14:15:09,Bread,0.855,0
7191,Saturday,2/25/2017,14:15:09,Sandwich,4.4,0
7192,Saturday,2/25/2017,14:15:36,Bread,0.855,0
7192,Saturday,2/25/2017,14:15:36,Sandwich,4.4,0
7193,Saturday,2/25/2017,14:47:08,Coffee,1.5,0
7194,Saturday,2/25/2017,14:50:51,Hot chocolate,2.52,0
7194,Saturday,2/25/2017,14:50:51,Juice,2.34,0
7194,Saturday,2/25/2017,14:50:51,Tea,1.7999999999999998,0
7195,Saturday,2/25/2017,14:55:13,Coffee,1.5,0
7195,Saturday,2/25/2017,14:55:13,Coffee,1.5,0
7196,Saturday,2/25/2017,15:06:25,Cake,3.375,0
7197,Saturday,2/25/2017,15:11:03,Cake,3.375,0
7197,Saturday,2/25/2017,15:11:03,Coffee,1.5,0
7198,Saturday,2/25/2017,15:18:54,Soup,3.4000000000000004,0
7198,Saturday,2/25/2017,15:18:54,Soup,3.4000000000000004,0
7198,Saturday,2/25/2017,15:18:54,Coffee,1.5,0
7198,Saturday,2/25/2017,15:18:54,Coffee,1.5,0
7198,Saturday,2/25/2017,15:18:54,Cookies,2.025,0
7198,Saturday,2/25/2017,15:18:54,Scone,2.475,0
7198,Saturday,2/25/2017,15:18:54,Hot chocolate,2.52,0
7199,Saturday,2/25/2017,15:40:17,Tea,1.7999999999999998,0
7199,Saturday,2/25/2017,15:40:17,Bread,0.855,0
7200,Saturday,2/25/2017,15:42:11,Scone,2.475,0
7200,Saturday,2/25/2017,15:42:11,Muffin,2.3400000000000003,0
7200,Saturday,2/25/2017,15:42:11,Cake,3.375,0
7200,Saturday,2/25/2017,15:42:11,Tea,1.7999999999999998,0
7200,Saturday,2/25/2017,15:42:11,Bread,0.855,0
7201,Saturday,2/25/2017,16:10:01,Sandwich,4.4,0
7203,Saturday,2/25/2017,16:40:24,Coffee,1.5,0
7203,Saturday,2/25/2017,16:40:24,Coffee,1.5,0
7203,Saturday,2/25/2017,16:40:24,Cake,3.375,0
7203,Saturday,2/25/2017,16:40:24,Cake,3.375,0
7204,Saturday,2/25/2017,16:41:22,Coffee,1.5,0
7204,Saturday,2/25/2017,16:41:22,Sandwich,4.4,0
7205,Saturday,2/25/2017,16:41:47,Bread,0.855,0
7206,Saturday,2/25/2017,16:51:56,Cake,3.375,0
7206,Saturday,2/25/2017,16:51:56,Cake,3.375,0
7207,Saturday,2/25/2017,16:58:21,Cookies,2.025,0
7207,Saturday,2/25/2017,16:58:21,Coffee,1.5,0
7207,Saturday,2/25/2017,16:58:21,Bread,0.855,0
7208,Saturday,2/25/2017,17:15:06,Hot chocolate,2.52,0
7208,Saturday,2/25/2017,17:15:06,Cake,3.375,0
7209,Saturday,2/25/2017,17:15:50,Hot chocolate,2.52,0
7209,Saturday,2/25/2017,17:15:50,Cake,3.375,0
7210,Sunday,2/26/2017,09:07:07,Coffee,1.5,0
7210,Sunday,2/26/2017,09:07:07,Fudge,2.79,0
7211,Sunday,2/26/2017,09:26:10,Bread,0.855,0
7212,Sunday,2/26/2017,09:26:41,Coffee,1.5,0
7212,Sunday,2/26/2017,09:26:41,Fudge,2.79,0
7213,Sunday,2/26/2017,09:33:50,Coffee,1.5,0
7214,Sunday,2/26/2017,09:34:38,Coffee,1.5,0
7214,Sunday,2/26/2017,09:34:38,Coffee,1.5,0
7214,Sunday,2/26/2017,09:34:38,Scone,2.475,0
7215,Sunday,2/26/2017,09:35:48,Bread,0.855,0
7217,Sunday,2/26/2017,10:06:53,Coffee,1.5,0
7218,Sunday,2/26/2017,10:17:37,Cake,3.375,0
7218,Sunday,2/26/2017,10:17:37,Coffee,1.5,0
7218,Sunday,2/26/2017,10:17:37,Coffee,1.5,0
7218,Sunday,2/26/2017,10:17:37,Juice,2.34,0
7218,Sunday,2/26/2017,10:17:37,Soup,3.4000000000000004,0
7219,Sunday,2/26/2017,10:18:06,Coffee,1.5,0
7220,Sunday,2/26/2017,10:18:38,Coffee,1.5,0
7221,Sunday,2/26/2017,10:20:40,Tea,1.7999999999999998,0
7221,Sunday,2/26/2017,10:20:40,Coffee,1.5,0
7222,Sunday,2/26/2017,10:26:04,Coffee,1.5,0
7223,Sunday,2/26/2017,10:39:19,Coffee,1.5,0
7223,Sunday,2/26/2017,10:39:19,Toast,1.26,0
7223,Sunday,2/26/2017,10:39:19,Coffee,1.5,0
7224,Sunday,2/26/2017,10:50:53,Cake,3.375,0
7224,Sunday,2/26/2017,10:50:53,Scone,2.475,0
7225,Sunday,2/26/2017,11:00:15,Bread,0.855,0
7226,Sunday,2/26/2017,11:09:06,Coffee,1.5,0
7228,Sunday,2/26/2017,11:30:41,Bread,0.855,0
7228,Sunday,2/26/2017,11:30:41,Alfajores,2.6550000000000002,0
7229,Sunday,2/26/2017,11:31:31,Scone,2.475,0
7229,Sunday,2/26/2017,11:31:31,Cake,3.375,0
7230,Sunday,2/26/2017,11:36:55,Bread,0.855,0
7230,Sunday,2/26/2017,11:36:55,Scone,2.475,0
7231,Sunday,2/26/2017,11:37:47,Bread,0.855,0
7232,Sunday,2/26/2017,11:43:02,Coffee,1.5,0
7232,Sunday,2/26/2017,11:43:02,Coffee,1.5,0
7232,Sunday,2/26/2017,11:43:02,Hot chocolate,2.52,0
7233,Sunday,2/26/2017,11:51:04,Coffee,1.5,0
7233,Sunday,2/26/2017,11:51:04,Hot chocolate,2.52,0
7233,Sunday,2/26/2017,11:51:04,Sandwich,4.4,0
7233,Sunday,2/26/2017,11:51:04,Cake,3.375,0
7234,Sunday,2/26/2017,11:55:41,Alfajores,2.6550000000000002,0
7234,Sunday,2/26/2017,11:55:41,Pastry,2.7,0
7234,Sunday,2/26/2017,11:55:41,Baguette,2.25,0
7234,Sunday,2/26/2017,11:55:41,Coffee,1.5,0
7234,Sunday,2/26/2017,11:55:41,Coffee,1.5,0
7235,Sunday,2/26/2017,11:59:05,Bread,0.855,0
7236,Sunday,2/26/2017,12:00:21,Tea,1.7999999999999998,0
7236,Sunday,2/26/2017,12:00:21,Tea,1.7999999999999998,0
7237,Sunday,2/26/2017,12:01:07,Coffee,1.5,0
7237,Sunday,2/26/2017,12:01:07,Coffee,1.5,0
7237,Sunday,2/26/2017,12:01:07,Alfajores,2.6550000000000002,0
7237,Sunday,2/26/2017,12:01:07,Scone,2.475,0
7238,Sunday,2/26/2017,12:04:22,Sandwich,4.4,0
7238,Sunday,2/26/2017,12:04:22,Coffee,1.5,0
7238,Sunday,2/26/2017,12:04:22,Coffee,1.5,0
7238,Sunday,2/26/2017,12:04:22,Juice,2.34,0
7238,Sunday,2/26/2017,12:04:22,Bread,0.855,0
7239,Sunday,2/26/2017,12:15:48,Cookies,2.025,0
7240,Sunday,2/26/2017,12:17:12,Cake,3.375,0
7241,Sunday,2/26/2017,12:19:50,Hot chocolate,2.52,0
7241,Sunday,2/26/2017,12:19:50,Bread,0.855,0
7242,Sunday,2/26/2017,12:20:05,Bread,0.855,0
7243,Sunday,2/26/2017,12:32:02,Tea,1.7999999999999998,0
7243,Sunday,2/26/2017,12:32:02,Cookies,2.025,0
7244,Sunday,2/26/2017,13:01:12,Coffee,1.5,0
7244,Sunday,2/26/2017,13:01:12,Coffee,1.5,0
7245,Sunday,2/26/2017,13:08:30,Coffee,1.5,0
7245,Sunday,2/26/2017,13:08:30,Coffee,1.5,0
7245,Sunday,2/26/2017,13:08:30,Coffee,1.5,0
7245,Sunday,2/26/2017,13:08:30,Juice,2.34,0
7245,Sunday,2/26/2017,13:08:30,Sandwich,4.4,0
7245,Sunday,2/26/2017,13:08:30,Sandwich,4.4,0
7245,Sunday,2/26/2017,13:08:30,Cookies,2.025,0
7245,Sunday,2/26/2017,13:08:30,Cookies,2.025,0
7246,Sunday,2/26/2017,13:18:15,Coffee,1.5,0
7247,Sunday,2/26/2017,13:47:44,Bread,0.855,0
7247,Sunday,2/26/2017,13:47:44,Juice,2.34,0
7247,Sunday,2/26/2017,13:47:44,Tea,1.7999999999999998,0
7247,Sunday,2/26/2017,13:47:44,Coffee,1.5,0
7248,Sunday,2/26/2017,13:48:33,Pastry,2.7,0
7248,Sunday,2/26/2017,13:48:33,Cake,3.375,0
7248,Sunday,2/26/2017,13:48:33,Bread,0.855,0
7248,Sunday,2/26/2017,13:48:33,Coffee,1.5,0
7248,Sunday,2/26/2017,13:48:33,Tea,1.7999999999999998,0
7249,Sunday,2/26/2017,13:51:51,Pastry,2.7,0
7249,Sunday,2/26/2017,13:51:51,Coffee,1.5,0
7250,Sunday,2/26/2017,13:52:32,Toast,1.26,0
7251,Sunday,2/26/2017,13:53:11,Coffee,1.5,0
7251,Sunday,2/26/2017,13:53:11,Bread,0.855,0
7252,Sunday,2/26/2017,13:53:54,Coffee,1.5,0
7253,Sunday,2/26/2017,13:55:32,Soup,3.4000000000000004,0
7253,Sunday,2/26/2017,13:55:32,Tea,1.7999999999999998,0
7253,Sunday,2/26/2017,13:55:32,Tea,1.7999999999999998,0
7254,Sunday,2/26/2017,13:57:41,Coffee,1.5,0
7254,Sunday,2/26/2017,13:57:41,Coffee,1.5,0
7254,Sunday,2/26/2017,13:57:41,Coffee,1.5,0
7254,Sunday,2/26/2017,13:57:41,Soup,3.4000000000000004,0
7254,Sunday,2/26/2017,13:57:41,Soup,3.4000000000000004,0
7255,Sunday,2/26/2017,14:02:38,Sandwich,4.4,0
7255,Sunday,2/26/2017,14:02:38,Sandwich,4.4,0
7255,Sunday,2/26/2017,14:02:38,Cookies,2.025,0
7256,Sunday,2/26/2017,14:06:39,Juice,2.34,0
7257,Sunday,2/26/2017,14:08:55,Cake,3.375,0
7258,Sunday,2/26/2017,14:27:21,Bread,0.855,0
7259,Sunday,2/26/2017,14:28:14,Soup,3.4000000000000004,0
7259,Sunday,2/26/2017,14:28:14,Coffee,1.5,0
7259,Sunday,2/26/2017,14:28:14,Coffee,1.5,0
7260,Sunday,2/26/2017,14:32:48,Bread,0.855,0
7261,Sunday,2/26/2017,14:45:07,Coffee,1.5,0
7261,Sunday,2/26/2017,14:45:07,Coffee,1.5,0
7261,Sunday,2/26/2017,14:45:07,Scone,2.475,0
7261,Sunday,2/26/2017,14:45:07,Cake,3.375,0
7262,Sunday,2/26/2017,14:45:34,Coffee,1.5,0
7262,Sunday,2/26/2017,14:45:34,Coffee,1.5,0
7262,Sunday,2/26/2017,14:45:34,Scone,2.475,0
7262,Sunday,2/26/2017,14:45:34,Cake,3.375,0
7263,Sunday,2/26/2017,14:48:23,Coffee,1.5,0
7263,Sunday,2/26/2017,14:48:23,Hot chocolate,2.52,0
7263,Sunday,2/26/2017,14:48:23,Cake,3.375,0
7264,Sunday,2/26/2017,14:52:34,Chicken Stew,4.2,0
7265,Sunday,2/26/2017,14:58:54,Coffee,1.5,0
7265,Sunday,2/26/2017,14:58:54,Coffee,1.5,0
7265,Sunday,2/26/2017,14:58:54,Cake,3.375,0
7266,Sunday,2/26/2017,15:02:36,Coffee,1.5,0
7266,Sunday,2/26/2017,15:02:36,Hot chocolate,2.52,0
7266,Sunday,2/26/2017,15:02:36,Sandwich,4.4,0
7266,Sunday,2/26/2017,15:02:36,Sandwich,4.4,0
7267,Sunday,2/26/2017,15:05:52,Coffee,1.5,0
7267,Sunday,2/26/2017,15:05:52,Coffee,1.5,0
7267,Sunday,2/26/2017,15:05:52,Sandwich,4.4,0
7267,Sunday,2/26/2017,15:05:52,Sandwich,4.4,0
7268,Sunday,2/26/2017,15:15:24,Coffee,1.5,0
7268,Sunday,2/26/2017,15:15:24,Coffee,1.5,0
7269,Sunday,2/26/2017,15:42:54,Bread,0.855,0
7269,Sunday,2/26/2017,15:42:54,Bread,0.855,0
7270,Sunday,2/26/2017,15:46:25,Coffee,1.5,0
7270,Sunday,2/26/2017,15:46:25,Cookies,2.025,0
7270,Sunday,2/26/2017,15:46:25,Cake,3.375,0
7271,Sunday,2/26/2017,15:49:05,Coffee,1.5,0
7271,Sunday,2/26/2017,15:49:05,Soup,3.4000000000000004,0
7272,Sunday,2/26/2017,15:49:50,Coffee,1.5,0
7273,Sunday,2/26/2017,15:51:26,Coffee,1.5,0
7273,Sunday,2/26/2017,15:51:26,Coffee,1.5,0
7274,Sunday,2/26/2017,16:00:26,Scone,2.475,0
7274,Sunday,2/26/2017,16:00:26,Cake,3.375,0
7274,Sunday,2/26/2017,16:00:26,Tea,1.7999999999999998,0
7274,Sunday,2/26/2017,16:00:26,Tea,1.7999999999999998,0
7275,Sunday,2/26/2017,16:01:03,Jam,0.675,0
7275,Sunday,2/26/2017,16:01:03,Fudge,2.79,0
7276,Sunday,2/26/2017,16:23:43,Cake,3.375,0
7276,Sunday,2/26/2017,16:23:43,Truffles,4.95,0
